edges,resolution,precision,recall,f1rp,recovery,relevance,f1rr,f1rprr
1000,1.0,0.0032889844766079476,0.019755562863389232,0.00563914219061832,0.14150252365347799,0.15201189730545567,0.1465690648098332,0.010860436680738897
1000,1.5,0.0032889844766079476,0.019755562863389232,0.00563914219061832,0.14150252365347799,0.15201189730545567,0.1465690648098332,0.010860436680738897
1000,2.0,0.0032889844766079476,0.019755562863389232,0.00563914219061832,0.14150252365347799,0.15201189730545567,0.1465690648098332,0.010860436680738897
1000,2.5,0.0032889844766079476,0.019755562863389232,0.00563914219061832,0.14150252365347796,0.15201189730545567,0.1465690648098332,0.010860436680738897
1000,3.0,0.0032889844766079476,0.019755562863389232,0.00563914219061832,0.14150252365347799,0.15201189730545567,0.1465690648098332,0.010860436680738897
1000,3.5,0.0032889844766079476,0.019755562863389232,0.00563914219061832,0.14150252365347799,0.15201189730545567,0.1465690648098332,0.010860436680738897
1000,4.0,0.0032889844766079476,0.019755562863389232,0.00563914219061832,0.14150252365347799,0.15201189730545567,0.1465690648098332,0.010860436680738897
1000,4.5,0.0032889854066050317,0.01976065904796412,0.005639351128539264,0.14041425242386438,0.15201218289114624,0.1459832247860007,0.010859209566637997
1000,5.0,0.0032889854066050317,0.01976065904796412,0.005639351128539264,0.1404142524238644,0.15201218289114624,0.1459832247860007,0.010859209566637997
1000,5.5,0.002156815730632772,0.018124608531316585,0.003854900946502587,0.13925380405672505,0.1521403489356259,0.14541213076680753,0.007510692134650924
1000,6.0,0.001913829758329235,0.01788541985929209,0.003457671318660633,0.139253804056725,0.14985493148802975,0.14436000508284638,0.006753582674116128
1000,6.5,0.0016754741489316328,0.01728468520917934,0.0030548312061535613,0.13819638159864792,0.14903165349580086,0.14340964488379926,0.0059822322811624445
1000,7.0,0.0016538550862468147,0.017153052385758524,0.0030168344237427045,0.13635491177470419,0.1485117501007109,0.1421739311239285,0.005908298753789049
1000,7.5,0.001574317760324645,0.017020755142186598,0.002882062066114579,0.13592802757431338,0.14910995487708006,0.14221418411556877,0.005649630725659069
1000,8.0,0.0015794250661757326,0.01704343080117854,0.0028909445482206016,0.13410822875232262,0.14903980706444786,0.14118031567017617,0.005665869282798742
1000,8.5,0.0015739177333530404,0.017038616670719053,0.0028816474261540966,0.1333687211512538,0.14916141157647397,0.14082368146013896,0.0056477265299221665
1000,9.0,0.001575153355148394,0.017012151017308238,0.002883338672057543,0.13160852997316966,0.14909667625228398,0.1398078407543934,0.005650150983744398
1000,9.5,0.0015739177333530404,0.017036677253823376,0.0028816196866012435,0.1333681291641866,0.14916141157647397,0.14082335145055933,0.005647672988094177
1500,1.0,0.004209537577210882,0.023831876076398414,0.007155215433735418,0.13844654020630046,0.19042409889569867,0.16032782820624636,0.013699060226115431
1500,1.5,0.004209537577210882,0.023831876076398414,0.007155215433735418,0.13844654020630046,0.19042409889569867,0.16032782820624636,0.013699060226115431
1500,2.0,0.004209537577210882,0.023831876076398414,0.007155215433735418,0.13844654020630046,0.19042409889569867,0.16032782820624636,0.013699060226115431
1500,2.5,0.004209537577210882,0.023831876076398414,0.007155215433735418,0.13844654020630046,0.19042409889569867,0.16032782820624636,0.013699060226115431
1500,3.0,0.004209537577210882,0.023831876076398414,0.007155215433735418,0.13844654020630043,0.19042409889569867,0.16032782820624636,0.013699060226115427
1500,3.5,0.004209537577210882,0.023831876076398414,0.007155215433735418,0.13844654020630043,0.19042409889569867,0.16032782820624636,0.013699060226115427
1500,4.0,0.004209537577210882,0.023831876076398414,0.007155215433735418,0.13844654020630046,0.19042409889569867,0.16032782820624636,0.013699060226115431
1500,4.5,0.004184777104739311,0.023678959536645103,0.007112554142205503,0.13751878874884604,0.1901994050410756,0.1596248990604821,0.01361830488836406
1500,5.0,0.004184777104739311,0.023678959536645103,0.007112554142205503,0.13751878874884604,0.1901994050410756,0.1596248990604821,0.01361830488836406
1500,5.5,0.002748592746990605,0.021808562498480764,0.004881905587714172,0.13615647188523508,0.18962895886871425,0.15850438705673456,0.009472073089183634
1500,6.0,0.002748336199298981,0.02181122022939642,0.004881567489329175,0.13529549259235216,0.18962924227436137,0.15791953637477602,0.009470388792210292
1500,6.5,0.002748336199298981,0.02181122022939642,0.004881567489329175,0.13529549259235216,0.18962924227436137,0.15791953637477602,0.009470388792210292
1500,7.0,0.0023531696654553176,0.021304876209849187,0.004238218886508308,0.13533294454289652,0.18845890081902217,0.15753761769168745,0.008254371243058993
1500,7.5,0.0023520640463669043,0.021097623097724373,0.004232291923302795,0.13366160599200536,0.18800352774523693,0.1562423204444523,0.008241342367348983
1500,8.0,0.0023214425779147637,0.02107288170930807,0.004182166942608992,0.1330151844416853,0.18839358422112748,0.1559335637111559,0.008145860406510597
1500,8.5,0.0023481310014817117,0.021306503109932328,0.004230076884719808,0.1330749908184579,0.18842998151014673,0.15598712441533202,0.008236787610182717
1500,9.0,0.0022248910925980175,0.02080872854207158,0.00401996347216396,0.13225083438244054,0.1884752209306712,0.15543486296529196,0.007837234975968204
1500,9.5,0.0021938036193621846,0.020667968645792793,0.003966574760182706,0.12964582360270152,0.18791468112594534,0.15343440534224914,0.007733230621285121
2000,1.0,0.005288656854389282,0.02805221401625039,0.008899499626956884,0.1465931058113416,0.21271651182677737,0.17357049516803197,0.016930899337550084
2000,1.5,0.005288656854389282,0.02805221401625039,0.008899499626956884,0.14659310581134163,0.21271651182677737,0.173570495168032,0.016930899337550084
2000,2.0,0.005288656854389282,0.02805221401625039,0.008899499626956884,0.1465931058113416,0.21271651182677737,0.17357049516803197,0.016930899337550084
2000,2.5,0.005209246297986514,0.02773261198542932,0.008770968843085801,0.14567440274485777,0.2121810711519309,0.17274767646972736,0.01669431242636639
2000,3.0,0.005209246297986514,0.02773261198542932,0.008770968843085801,0.14567440274485777,0.2121810711519309,0.17274767646972736,0.01669431242636639
2000,3.5,0.005021300978821205,0.027676627034506615,0.008500396377543653,0.1448304503981991,0.21231106846101536,0.17219564820103186,0.01620103270783363
2000,4.0,0.005021300978821205,0.027676627034506615,0.008500396377543653,0.1448304503981991,0.21231106846101536,0.17219564820103186,0.01620103270783363
2000,4.5,0.0049358170632150125,0.027587499403739356,0.008373491087648725,0.14523743538187037,0.21204357577694033,0.1723946371241938,0.015971233112799393
2000,5.0,0.0049358170632150125,0.027587499403739356,0.008373491087648725,0.14523743538187037,0.21204357577694033,0.1723946371241938,0.015971233112799393
2000,5.5,0.003558988800069617,0.02582546874828602,0.00625586188756044,0.1439977046240669,0.2099908043203241,0.1708427988493743,0.012069757610121312
2000,6.0,0.003503714329545322,0.025777631013881117,0.006168941632003472,0.1439977046240669,0.21021423586620508,0.1709166969478098,0.01190808171528436
2000,6.5,0.0031727131363573414,0.025178591934031807,0.005635327840164729,0.144207384769417,0.20945442289708976,0.1708121934549357,0.010910696870672693
2000,7.0,0.0031073992425948984,0.025098418084585794,0.005530121991623034,0.14394053779028126,0.20970762576657168,0.1707088091620231,0.01071318957203234
2000,7.5,0.0030130516746454247,0.024842305323400576,0.0053742732259346535,0.14407582039910882,0.2100784113117758,0.1709267700214538,0.010420893113295818
2000,8.0,0.0030014999032253087,0.024712427378079976,0.005352857256994002,0.14101013588152683,0.20921910284157103,0.16847259371183615,0.01037603804078971
2000,8.5,0.0029673755338183476,0.024567110623050073,0.005295166402171111,0.14081682592631212,0.2087294392493503,0.16817583273390957,0.010267065083901107
2000,9.0,0.0029613870361381183,0.02452979253401903,0.005284764840593292,0.13904311297729074,0.2086998223804301,0.1668949676963631,0.010245115895558519
2000,9.5,0.002881851744176104,0.024440972818102855,0.005155781751968,0.13769824643069095,0.20991526273173522,0.16630517983518045,0.010001497758032487
2500,1.0,0.0057121168781948655,0.031000955679908043,0.009646759033808535,0.13942280747422392,0.2289440975255964,0.17330562761433055,0.01827620463912004
2500,1.5,0.0057121168781948655,0.031000955679908043,0.009646759033808535,0.13942280747422392,0.2289440975255964,0.17330562761433055,0.01827620463912004
2500,2.0,0.0057121168781948655,0.031000955679908043,0.009646759033808535,0.13942280747422392,0.2289440975255964,0.17330562761433055,0.01827620463912004
2500,2.5,0.0057121168781948655,0.031000955679908043,0.009646759033808535,0.13942280747422392,0.2289440975255964,0.17330562761433055,0.01827620463912004
2500,3.0,0.0057121168781948655,0.031000955679908043,0.009646759033808535,0.13942280747422392,0.2289440975255964,0.17330562761433055,0.01827620463912004
2500,3.5,0.005697366145525296,0.031034505915428567,0.009627330894121364,0.13869646304139435,0.22891660559840446,0.17273555396394422,0.018238166570840993
2500,4.0,0.005507273457839208,0.03076503864183345,0.009342193586997505,0.13866596956057956,0.22864127245649699,0.17263348009495982,0.017725175656861436
2500,4.5,0.005213159939254067,0.03033922579706364,0.00889747527416523,0.13762531141735035,0.22830191600217084,0.1717288025192757,0.016918388541722403
2500,5.0,0.00520624867663368,0.030354746152234522,0.00888807288688847,0.13691259479821571,0.22826367023968178,0.17116211749104654,0.01689863668059774
2500,5.5,0.0037479071040303624,0.02841114781737819,0.006622230845939584,0.13688350421461387,0.22544226683688304,0.17034022941930116,0.012748831812963797
2500,6.0,0.0038675589039874002,0.02846257826326493,0.006809788490723193,0.13698196465142018,0.22712769692762874,0.17089575715718466,0.013097666209114423
2500,6.5,0.003469552196675903,0.02779260591152285,0.006168985298963272,0.1361980009514608,0.22551254539553367,0.16982837897616893,0.011905505262146489
2500,7.0,0.0033033444687802613,0.027552975660411545,0.005899405331885346,0.13602950174778736,0.22582063523850726,0.16978447902053137,0.011402610597974523
2500,7.5,0.0032836713109610518,0.02755610351227648,0.0058680834775068115,0.13573321497109495,0.2261709632051143,0.16965215557136917,0.011343797346977713
2500,8.0,0.003223903062445926,0.0272227075231585,0.005765066683217354,0.13448564384464343,0.22435317709236205,0.16816620560212125,0.011147959494821578
2500,8.5,0.003226193238682398,0.027208723392770372,0.005768413990148347,0.1338358639655111,0.22503369607947507,0.1678469421166476,0.011153513961215675
2500,9.0,0.003185493281893435,0.027118655877743404,0.005701285039052835,0.1329702284868917,0.22498244873447248,0.16715040572395354,0.011026471343369032
2500,9.5,0.00317971082084085,0.027161150002440033,0.0056929566416897125,0.13226415110720108,0.2255338010226514,0.16674235590602504,0.01101000703952127
3000,1.0,0.006242310118403594,0.03364241683140642,0.010530667503804486,0.13891632524513944,0.24063124603964367,0.17614449923013642,0.019873228844203353
3000,1.5,0.006242310118403594,0.03364241683140642,0.010530667503804486,0.13891632524513944,0.24063124603964367,0.17614449923013642,0.019873228844203353
3000,2.0,0.006242310118403594,0.03364241683140642,0.010530667503804486,0.13891632524513944,0.24063124603964367,0.17614449923013642,0.019873228844203353
3000,2.5,0.006242310118403594,0.03364241683140642,0.010530667503804486,0.13891632524513947,0.24063124603964367,0.17614449923013645,0.019873228844203353
3000,3.0,0.006242310118403594,0.03364241683140642,0.010530667503804486,0.13891632524513944,0.24063124603964367,0.17614449923013642,0.019873228844203353
3000,3.5,0.006242310118403594,0.03364241683140642,0.010530667503804486,0.13891632524513944,0.24063124603964367,0.17614449923013642,0.019873228844203353
3000,4.0,0.006242310118403594,0.03364241683140642,0.010530667503804486,0.13891632524513947,0.24063124603964367,0.17614449923013645,0.019873228844203353
3000,4.5,0.0062264122627385,0.033678945882369256,0.010509816795807836,0.1375922989728633,0.2406049323379028,0.17506942433102818,0.019829239144362253
3000,5.0,0.005594136389410392,0.032755243645187115,0.009556206658581406,0.1367412622150026,0.24017278856045424,0.1742653540768025,0.018118829263843027
3000,5.5,0.00577091323263211,0.03281847303896384,0.009815785045264666,0.13734176475116186,0.24009509092468986,0.17473165643371644,0.01858739808486308
3000,6.0,0.004268863684059862,0.030995685124026316,0.007504213668440314,0.13660886954501592,0.2393255285852873,0.17393454855901416,0.0143876865195352
3000,6.5,0.003980026219423866,0.03060540710817317,0.007044024667429779,0.13645252021482102,0.2376411040520256,0.1733615621922545,0.01353797453530303
3000,7.0,0.003868649254525917,0.030284107030092208,0.006860856975032244,0.13567405328245818,0.23763541114766154,0.172730468985374,0.01319750869482598
3000,7.5,0.0037885351099633028,0.02998663536989723,0.006727156032936309,0.13429281790007694,0.23641891969030635,0.1712886844990302,0.01294587834271364
3000,8.0,0.0037770354014259127,0.03014561833434419,0.006712981156107492,0.1341717152431832,0.2378852493220106,0.17157303839151058,0.012920436235446883
3000,8.5,0.003745542990848037,0.02993742186412905,0.006658077821239089,0.13157139542908625,0.23659660591450418,0.16910402577276482,0.012811723806863894
3000,9.0,0.003732451799806409,0.02981904473130894,0.006634466934890073,0.13168925768312117,0.23588699037930727,0.1690195317238273,0.012767765073780576
3000,9.5,0.0037260566483398438,0.029820688608361536,0.006624402707148553,0.13008894250486233,0.23630441101780722,0.16780102937450742,0.012745636688237322
3500,1.0,0.006713988384407595,0.03519753698139969,0.011276891136282434,0.13647620035526087,0.2471378341125978,0.17584566534695997,0.02119458457786093
3500,1.5,0.00662065527119275,0.0352751288944531,0.011148829062785217,0.1377775921227245,0.24958958163476783,0.17754654449932658,0.02098022901085724
3500,2.0,0.00662065527119275,0.0352751288944531,0.011148829062785217,0.1377775921227245,0.24958958163476783,0.17754654449932658,0.02098022901085724
3500,2.5,0.00662065527119275,0.0352751288944531,0.011148829062785217,0.1377775921227245,0.24958958163476783,0.17754654449932658,0.02098022901085724
3500,3.0,0.00662065527119275,0.0352751288944531,0.011148829062785217,0.1377775921227245,0.24958958163476783,0.17754654449932658,0.02098022901085724
3500,3.5,0.006620655973934267,0.0352770453572062,0.011148925772371476,0.13727589974005627,0.2497881068758342,0.17717941492696648,0.020977831993609235
3500,4.0,0.006620655973934267,0.0352770453572062,0.011148925772371476,0.13727589974005627,0.2497881068758342,0.17717941492696648,0.020977831993609235
3500,4.5,0.006620655973934267,0.0352770453572062,0.011148925772371476,0.13727589974005625,0.2497881068758342,0.17717941492696643,0.020977831993609235
3500,5.0,0.006620655973934267,0.0352770453572062,0.011148925772371476,0.13727589974005627,0.2497881068758342,0.17717941492696648,0.020977831993609235
3500,5.5,0.00659561908448338,0.03530222769166444,0.011114654551673715,0.13696763320894947,0.2497881068758342,0.17692244616732547,0.020915360469480206
3500,6.0,0.0049717694523407656,0.033351379704877726,0.00865353575875933,0.1364846012523335,0.24938365115965158,0.17641787306738735,0.016497830569896427
3500,6.5,0.004553052560317933,0.03235271019475831,0.007982687742456014,0.13529054993044157,0.24688315204513903,0.17479464042704784,0.01526809749937914
3500,7.0,0.004505634379228552,0.03236974571463382,0.007910222960007684,0.13435558520904398,0.24690405187794034,0.1740175730848552,0.015132572723754553
3500,7.5,0.004411518381645415,0.032055886756345735,0.007755700364775285,0.13395055066662792,0.24672409617472887,0.17363293731039486,0.014848174091773034
3500,8.0,0.004385311934779022,0.03207445127961091,0.007715709680881949,0.13283753903904408,0.24701479384914743,0.17276628036830258,0.014771717240090354
3500,8.5,0.004310941980581413,0.03175442880019904,0.007591298645797491,0.13105891021786187,0.24569766662762743,0.17093725981321992,0.014537010774489757
3500,9.0,0.004263727518295154,0.031625474007065134,0.007514371904193433,0.12952023933018714,0.24550540626094847,0.16957730411023642,0.014391042631399524
3500,9.5,0.00426016407371196,0.03156860042304706,0.007507231648571005,0.12988147082373516,0.24541619745080945,0.16986525301596883,0.014378981112496567
4000,1.0,0.008098338615136546,0.0380455013055789,0.013354127133094492,0.1363286988436803,0.2561943866049188,0.17795971076191403,0.02484395931032993
4000,1.5,0.008098338615136546,0.0380455013055789,0.013354127133094492,0.13632869884368032,0.2561943866049188,0.17795971076191403,0.02484395931032993
4000,2.0,0.008098338615136546,0.0380455013055789,0.013354127133094492,0.13632869884368032,0.2561943866049188,0.17795971076191403,0.02484395931032993
4000,2.5,0.008098338615136546,0.0380455013055789,0.013354127133094492,0.13632869884368032,0.2561943866049188,0.17795971076191403,0.02484395931032993
4000,3.0,0.008098338615136546,0.0380455013055789,0.013354127133094492,0.1363286988436803,0.2561943866049188,0.17795971076191403,0.02484395931032993
4000,3.5,0.007998129288854518,0.03811020015693426,0.013221485650988957,0.13757290653930812,0.25769867504009486,0.1793822646947502,0.024627765912617495
4000,4.0,0.007998129991596036,0.03811211661968736,0.013221601938018477,0.13709431862305624,0.25789720028116125,0.17902278532675683,0.02462457332671798
4000,4.5,0.007998129991596036,0.03811211661968736,0.013221601938018477,0.13709431862305624,0.25789720028116125,0.17902278532675683,0.02462457332671798
4000,5.0,0.007998129991596036,0.03811211661968736,0.013221601938018477,0.13709431862305624,0.25789720028116125,0.17902278532675683,0.02462457332671798
4000,5.5,0.007998129991596036,0.03811211661968736,0.013221601938018477,0.13709431862305624,0.25789720028116125,0.17902278532675683,0.02462457332671798
4000,6.0,0.006298057511883981,0.03612841610070198,0.010726267023427376,0.13604020294468228,0.2560928653744018,0.1776893008669695,0.020231267613873023
4000,6.5,0.006115915704175324,0.03587885244056513,0.010450446414312387,0.1355450621004666,0.2569126635779209,0.17746238975864947,0.019738525930411477
4000,7.0,0.005936701458452129,0.03537871924364005,0.010167288172924274,0.1333188133077855,0.2548470181983221,0.17505869545188613,0.019218385768605593
4000,7.5,0.005759179856058276,0.03481237882112463,0.009883315178662089,0.13213869714918008,0.25415273245992437,0.17387603436163326,0.018703501660306748
4000,8.0,0.00567687030547715,0.034560115900765846,0.009751888210775878,0.13111803376868097,0.25382960129756166,0.17291514586755333,0.01846254504496204
4000,8.5,0.005636969315634702,0.03439882787279871,0.009686588045200032,0.12965681474228163,0.2538259969011924,0.1716388284311929,0.01833824133298145
4000,9.0,0.0056482054988422365,0.034411494912926555,0.009703676901860862,0.12920389384075445,0.25396772025720143,0.1712737434600322,0.01836676713575599
4000,9.5,0.005620626405893034,0.03431638475689651,0.00965918944375633,0.12752121203816857,0.2536644981931821,0.16972097008051992,0.018278130724529537
4500,1.0,0.009068231946612514,0.0394861863617378,0.014749219909975762,0.12597485901265343,0.25808052600616366,0.16930713196975467,0.027134604117123144
4500,1.5,0.009068231946612514,0.0394861863617378,0.014749219909975762,0.12597485901265343,0.25808052600616366,0.16930713196975467,0.027134604117123144
4500,2.0,0.009068231946612514,0.0394861863617378,0.014749219909975762,0.12597485901265343,0.25808052600616366,0.16930713196975467,0.027134604117123144
4500,2.5,0.009068231946612514,0.0394861863617378,0.014749219909975762,0.12597485901265343,0.25808052600616366,0.16930713196975467,0.027134604117123144
4500,3.0,0.009164358835674773,0.040894913840482834,0.014973276476175683,0.13026426557471973,0.2641721900021593,0.17448790967136846,0.02757985175100451
4500,3.5,0.009164358835674773,0.040894913840482834,0.014973276476175683,0.13026426557471976,0.2641721900021593,0.17448790967136846,0.02757985175100451
4500,4.0,0.009164358835674773,0.040894913840482834,0.014973276476175683,0.13026426557471976,0.2641721900021593,0.17448790967136846,0.02757985175100451
4500,4.5,0.009164359473082044,0.040896155554720544,0.014973360556214453,0.12984120845156982,0.26435225824802444,0.1741470600981946,0.02757572885711772
4500,5.0,0.009059656419890386,0.040956367294330005,0.014837269672357805,0.13101113174961407,0.26585807370732834,0.17552567265110347,0.02736164620865341
4500,5.5,0.00889441052292445,0.040749114165675816,0.014601676738648832,0.13092268320373782,0.26625394198921687,0.17553238679071673,0.02696063105689277
4500,6.0,0.007246357359175375,0.038632511850645986,0.012203656775935975,0.12987092860292854,0.26419678051337797,0.17414002936764192,0.02280887743861295
4500,6.5,0.007050664269075025,0.03829547583201499,0.011908777351901838,0.12830582162050058,0.26350681460453385,0.17257972420786064,0.022280125792861715
4500,7.0,0.006923048099377615,0.03802839240769218,0.011713635283347727,0.1281976255752048,0.26326966436363003,0.17243098836008428,0.02193703697924113
4500,7.5,0.0068620680443725445,0.03783746427632685,0.01161726939905521,0.12672694458642533,0.26274947554540123,0.17098564383581505,0.02175634827092389
4500,8.0,0.00669075458957639,0.03732394038982387,0.011347361401966592,0.1262219421457895,0.26217789865374796,0.1704048255408937,0.021277819789420113
4500,8.5,0.006679844924721105,0.037202020977433733,0.011326033016443629,0.12425893939932726,0.26173744763190154,0.1685156583664902,0.021225488881581125
4500,9.0,0.006674417363110797,0.03719073610617598,0.011317707801375148,0.12426154812904959,0.26157360836290555,0.16848408434524847,0.021210618793463178
4500,9.5,0.006659606298279215,0.03689489476949155,0.01128266735045075,0.12313842134412818,0.26062491682625577,0.16725381311271148,0.021139311490287208
5000,1.0,0.010190710976886916,0.039813514401264474,0.016227749361944443,0.12074600901725766,0.26460716436157594,0.16582325648904994,0.029562465003771705
5000,1.5,0.010161491722807656,0.04145376925883791,0.016321999547872106,0.12103614488872971,0.2665785955110131,0.16648306758009176,0.0297293351487733
5000,2.0,0.010161491722807656,0.04145376925883791,0.016321999547872106,0.12103614488872973,0.2665785955110131,0.16648306758009176,0.0297293351487733
5000,2.5,0.010161491722807656,0.04145376925883791,0.016321999547872106,0.12103614488872971,0.2665785955110131,0.16648306758009176,0.0297293351487733
5000,3.0,0.010161491722807656,0.04145376925883791,0.016321999547872106,0.12103614488872971,0.2665785955110131,0.16648306758009176,0.0297293351487733
5000,3.5,0.010161491722807656,0.04145376925883791,0.016321999547872106,0.12103614488872973,0.2665785955110131,0.16648306758009176,0.0297293351487733
5000,4.0,0.010161492360214927,0.04145501097307563,0.016322096619971856,0.12067737459345264,0.26675866375687823,0.16617832109427558,0.029724629094191095
5000,4.5,0.010257564426209675,0.04286373845182066,0.01655371893747701,0.12466073306874281,0.27284941035773186,0.1711332808736761,0.030187410265831337
5000,5.0,0.010257564426209675,0.04286373845182066,0.01655371893747701,0.12466073306874281,0.27284941035773186,0.1711332808736761,0.030187410265831337
5000,5.5,0.010092318075036156,0.0426566088334995,0.016322761033472747,0.12460365632868543,0.2732452786396204,0.17115722979507028,0.029803271791826614
5000,6.0,0.008602449128102221,0.040926714686003875,0.014216673731383753,0.1241131444118754,0.27137848094699374,0.17032793837536708,0.02624294147174672
5000,6.5,0.008082844205819282,0.04016432559732362,0.013457452022971036,0.12472770191284573,0.2730922961028442,0.17124415400387563,0.024953870583956435
5000,7.0,0.007932083066786862,0.0394813163529291,0.013210150916422109,0.1227901531225394,0.2700159264258295,0.16881254480313765,0.024502869651711043
5000,7.5,0.007822539122788876,0.03881961943746776,0.013021180886774817,0.12017500877738858,0.26826990667659134,0.16599181560603055,0.02414807303465437
5000,8.0,0.007811416822955089,0.03873160730552538,0.013000819544999717,0.11826361134762013,0.26827112797279595,0.1641596947800477,0.024093524186567482
5000,8.5,0.00776803199553544,0.038873678007074974,0.012948580767137403,0.11917443301879777,0.2698252604672723,0.1653280090900026,0.024016199552475203
5000,9.0,0.007737015430280207,0.03870308672248813,0.012896025860852391,0.11720089205910827,0.269081171771589,0.16328251462259175,0.023904109154495222
5000,9.5,0.007728594293162529,0.0387052176338484,0.012884443973317816,0.11756252791411671,0.26893944841557993,0.163606932682763,0.023887675395100515
5500,1.0,0.010529547450434731,0.04145391728063939,0.016793455044637216,0.11885695035783127,0.26774017700381997,0.16463019859519354,0.030477942469251423
5500,1.5,0.010500421167258165,0.04309417213821282,0.01688629129906522,0.11914548017609757,0.26971160815325707,0.16527881335813333,0.03064194092695549
5500,2.0,0.010500421167258165,0.04309417213821282,0.01688629129906522,0.11914548017609759,0.26971160815325707,0.16527881335813335,0.03064194092695549
5500,2.5,0.010433652066986782,0.04270032014058159,0.01676969610912383,0.11933551375120294,0.26946906726617204,0.1654158986405001,0.03045218098204817
5500,3.0,0.010433652066986782,0.04270032014058159,0.01676969610912383,0.11933551375120294,0.26946906726617204,0.1654158986405001,0.03045218098204817
5500,3.5,0.010433652066986782,0.04270032014058159,0.01676969610912383,0.11933551375120294,0.26946906726617204,0.1654158986405001,0.03045218098204817
5500,4.0,0.010433652720329235,0.042700966588333174,0.016769746805447308,0.11900410524851883,0.26965363721818386,0.16513186960070858,0.030447444035140624
5500,4.5,0.010433652720329235,0.042700966588333174,0.016769746805447308,0.11900410524851886,0.26965363721818386,0.1651318696007086,0.030447444035140624
5500,5.0,0.010281332155221184,0.04247742239861181,0.016555526849374103,0.11910580584196793,0.2702435290349922,0.16534032764926507,0.03009740096855476
5500,5.5,0.010114520901730855,0.04240334399876514,0.01633309008244709,0.11929222889603804,0.27073899659646744,0.1656126804323776,0.02973376980013008
5500,6.0,0.00995205716320118,0.04233848487394822,0.016115917152647333,0.11971337608661252,0.2718584401944048,0.16622795788732747,0.029383120186281295
5500,6.5,0.008317270692365783,0.04025201574753073,0.013785951387195081,0.1186102861117515,0.26963416996007944,0.16474870687427215,0.02544287687543254
5500,7.0,0.008115027052952865,0.03968130917129391,0.013474459461111607,0.11726355955474545,0.26861498683467244,0.16325732436131402,0.0248942680400529
5500,7.5,0.0081369756433483,0.039637694731859754,0.013502174020607818,0.11618536120010285,0.26836768216899876,0.1621643444247142,0.024928725379638014
5500,8.0,0.007955838462007094,0.03877953151340745,0.013203006139259586,0.11265651561841995,0.2658100553557909,0.15824507076353242,0.024372517657145702
5500,8.5,0.007939365502252224,0.03866972119094256,0.013173956933591106,0.11357926946386679,0.26589786555893485,0.1591689329074893,0.024333869174672427
5500,9.0,0.007918088780020928,0.0385930580835149,0.013140216090321732,0.11307617724285675,0.26573966274292465,0.1586460862138383,0.024270198808315165
5500,9.5,0.00788885250225306,0.038911930145737426,0.013118177095736136,0.11309080280389473,0.2681488911705045,0.15908717718928256,0.024237733753337997
6000,1.0,0.010427454796220497,0.042222349261916495,0.016724530933969334,0.11511367942649826,0.274479773085879,0.16220178447204298,0.03032252417194252
6000,1.5,0.010683691582460969,0.04427001644343609,0.01721329529971881,0.11593922020865835,0.27850664233726585,0.16372255866547417,0.03115142397455938
6000,2.0,0.010683691582460969,0.04427001644343609,0.01721329529971881,0.11593922020865838,0.27850664233726585,0.16372255866547417,0.03115142397455938
6000,2.5,0.010683691582460969,0.04427001644343609,0.01721329529971881,0.11593922020865835,0.27850664233726585,0.16372255866547417,0.03115142397455938
6000,3.0,0.010539960467253003,0.04372127567357098,0.0169852568777218,0.11590106691004198,0.2778194284302264,0.1635656184754781,0.030774750227431626
6000,3.5,0.010539961076394697,0.043721599777529735,0.01698528212608693,0.1155944883396772,0.2779915116201571,0.16328978445262185,0.030769901904596157
6000,4.0,0.010539961076394697,0.043721599777529735,0.01698528212608693,0.11559448833967717,0.2779915116201571,0.16328978445262185,0.030769901904596157
6000,4.5,0.010539961076394697,0.043721599777529735,0.01698528212608693,0.1155944883396772,0.2779915116201571,0.16328978445262185,0.030769901904596157
6000,5.0,0.010387630633237973,0.04349805558780837,0.016770380648274227,0.11570237784775703,0.27858140343696547,0.16349914620782371,0.030420481657577443
6000,5.5,0.01020093480599496,0.04330570476376548,0.01651229359851256,0.1157207151399363,0.278967178126786,0.16358384386311003,0.029996695053124144
6000,6.0,0.0095284830764112,0.04248936992645139,0.015566165033735138,0.11472082161162088,0.2778009333271543,0.1623836177983929,0.028409028133620076
6000,6.5,0.008662814152850539,0.041270801451990226,0.014319863626423478,0.11382234618923906,0.2769893472951345,0.16134408414173404,0.02630505930436155
6000,7.0,0.008313055123708238,0.040873936503810326,0.013816144311172932,0.11349785425845435,0.2776742193984794,0.16113332319453047,0.02545010600300256
6000,7.5,0.008285244331381912,0.04125331194053427,0.013799100927767934,0.11404066038909069,0.2807092758037888,0.16219012724230508,0.02543426047804756
6000,8.0,0.008107754346089886,0.040388337095332676,0.013504540505560434,0.1115896709491671,0.2784243843482146,0.15932392697976838,0.0248986345445189
6000,8.5,0.008079567490013598,0.04031691260384526,0.01346144247432912,0.10993612085178277,0.27865639187809665,0.15766851789512953,0.024805074214658766
6000,9.0,0.008086271126400452,0.04039761500946156,0.013475242760494228,0.1101991061176657,0.2790870550994575,0.15800789786523306,0.024832701034517377
6000,9.5,0.008069564047492667,0.04020843933525753,0.013441507673513929,0.10893058166160532,0.2776831510398383,0.15647756197918442,0.024756424977784214
6500,1.0,0.01114211275933848,0.04315582651163377,0.01771143036627668,0.11013731126771242,0.27136107491793865,0.15668207392958114,0.03182530970121121
6500,1.5,0.010933333954382942,0.04264275100154491,0.0174043115624074,0.1097628078336856,0.27109002813526406,0.1562577450060807,0.031320122908397204
6500,2.0,0.010904515959837047,0.04428300585911835,0.017499779958391096,0.11006077574996663,0.2730614592847011,0.15688651447532237,0.03148733093586863
6500,2.5,0.01061735541798466,0.04372720619445054,0.0170860625544451,0.11021171802844443,0.27294829339013377,0.15702108493047176,0.030818632299070874
6500,3.0,0.01055317614043939,0.04454218657669584,0.017063560976539036,0.11269137325797231,0.2786231899694038,0.16047667452092618,0.03084713178764627
6500,3.5,0.010681506041534573,0.04461107579032049,0.017236072535832897,0.11245687783933815,0.2783544093976262,0.1601942872990247,0.031123426208253688
6500,4.0,0.010838468504845555,0.044949598900642006,0.017465556153756532,0.11322315433633687,0.28067862807135346,0.16135656676030163,0.031519390683934896
6500,4.5,0.010902653364928775,0.044136583193904295,0.017485920857972088,0.11010294786598536,0.27518030266852206,0.15727734063925905,0.03147273754917847
6500,5.0,0.010516569497787266,0.044464275137267334,0.017009983849963165,0.11302801704334134,0.2824666995897413,0.16145171903788225,0.03077737227587792
6500,5.5,0.010495152029814422,0.04442277577770312,0.01697892852066177,0.11246841521612974,0.28128237573099885,0.16068733703669577,0.030712626295854056
6500,6.0,0.010343483090765134,0.044350094369777195,0.01677471002947554,0.11249770504125695,0.2810122836280333,0.16067311075615218,0.03037788607981102
6500,6.5,0.009264892527023342,0.04314852684978547,0.015254355419502616,0.11074617936194558,0.2806838150762599,0.15882615318248403,0.027835288511218526
6500,7.0,0.008757871780157108,0.042312427705224066,0.014512028332851035,0.11001081910636418,0.2792929486521709,0.1578471548259677,0.0265803346373908
6500,7.5,0.00854915812685364,0.04184550489350164,0.01419768748480665,0.10909429740757282,0.2796662780616211,0.15696034031692144,0.026039957201540603
6500,8.0,0.008427787453806441,0.04132601618227096,0.014000412239605974,0.108704164964615,0.2813248291173134,0.15681490913255933,0.025705813220217835
6500,8.5,0.008361682942282235,0.04134390143731322,0.013910090776749604,0.10775332585586142,0.2811010251243985,0.155788769148599,0.02553978172638744
6500,9.0,0.008347987442744833,0.041292144634871075,0.01388821062590785,0.10709356670971512,0.2809428223083884,0.15507395560829912,0.02549327824189222
6500,9.5,0.008318164954960303,0.041299530918582746,0.01384733025970412,0.10549764545812156,0.28049239953304306,0.15332668862126797,0.025400661049815514
7000,1.0,0.012786036155617046,0.04572788512654674,0.019984249208953673,0.11109950165767796,0.27894322371855695,0.15890799202074327,0.03550357345860991
7000,1.5,0.012503782361579549,0.04510266531626609,0.01957954131091613,0.11072682075203935,0.2786721769358822,0.15848260713238677,0.034853187839618764
7000,2.0,0.011898136199356655,0.04577311864193425,0.01888687185218369,0.11147130414033997,0.2805187844280177,0.15954380300919777,0.033775396126094405
7000,2.5,0.011898136199356655,0.04577311864193425,0.01888687185218369,0.11147130414033997,0.2805187844280177,0.15954380300919777,0.033775396126094405
7000,3.0,0.011898136199356655,0.04577311864193425,0.01888687185218369,0.11147130414033997,0.2805187844280177,0.15954380300919777,0.033775396126094405
7000,3.5,0.012176082895461375,0.04588358130850877,0.019245109223860853,0.11110289400664576,0.27998063598949813,0.15907936048629404,0.034336282315004386
7000,4.0,0.01184698376838451,0.04563811395871188,0.01881092723736253,0.11139426030448184,0.28041949391153403,0.15944882875148247,0.033651794249224806
7000,4.5,0.012245471748552403,0.0472212702807888,0.019447735370094647,0.11352630890231696,0.28859477851418336,0.16295141437963073,0.03474836356842684
7000,5.0,0.0117235488179303,0.04639120916691458,0.018717090950734705,0.1141321480017176,0.28996344947542313,0.16379367425545713,0.03359518102650962
7000,5.5,0.011728850147805666,0.0455322211696148,0.018652832952941498,0.11124109058177799,0.28328693225180396,0.15975112269553365,0.033405212287512635
7000,6.0,0.011529152759115244,0.04628729552332826,0.01846025886224531,0.11367405221858586,0.28858441330851897,0.1631018983027077,0.033166639024409965
7000,6.5,0.010362381539051438,0.044763752165763185,0.016829008235731416,0.11264457518206493,0.2876836135244908,0.16189716011260707,0.03048874897341714
7000,7.0,0.009967160972052363,0.04333710789249087,0.016206879472461133,0.10870466414998699,0.2822449167582974,0.15695803439906744,0.029380085016845216
7000,7.5,0.009890855409459054,0.04390679884367158,0.01614478567454223,0.10939691155914806,0.28708224145774197,0.15842401972452103,0.029303309240215118
7000,8.0,0.009824981731235855,0.04363874777604694,0.01603890726011796,0.10817895215295788,0.28621212596968626,0.15701231391062415,0.029104746264972343
7000,8.5,0.009463650900601252,0.0427246711807581,0.015495089965427073,0.10742553509800917,0.28491591047141046,0.15602350700373405,0.02819050902310007
7000,9.0,0.009444896832613106,0.04261142224333269,0.015462502694131583,0.10692773877422934,0.2844413020233801,0.15542703724021,0.02812683541650377
7000,9.5,0.009423085840229654,0.04259315562997832,0.015432063154252423,0.10548083406658423,0.2844413020233801,0.15389280578566022,0.028051207276731126
7500,1.0,0.013482831036874593,0.04709169454955611,0.020963576840426917,0.1105783470153534,0.28121243913624633,0.158737815073627,0.03703602235166891
7500,1.5,0.013046331028609148,0.0461611831326834,0.020343163679550413,0.11024652524059851,0.280547898998022,0.15829003235315706,0.03605287380529211
7500,2.0,0.012734966221388188,0.047176218179976186,0.020055939503714905,0.11017180675684503,0.2822482833647844,0.15848221900503726,0.035605943550982795
7500,2.5,0.012173752739709947,0.0464403494587491,0.019290693203568247,0.11066120755896777,0.2823749329999592,0.15900802926530452,0.03440714624297423
7500,3.0,0.012537329681443606,0.04677664645434247,0.019774571734926888,0.11037762088125172,0.28244416591360816,0.15872599796311265,0.03516782762350929
7500,3.5,0.012173752739709947,0.0464403494587491,0.019290693203568247,0.1106612075589678,0.2823749329999592,0.15900802926530455,0.03440714624297423
7500,4.0,0.012150134451189365,0.04688337110819217,0.01929884587038607,0.11058065925214865,0.2834039712193588,0.15908741381412875,0.03442197268497035
7500,4.5,0.012150140670536231,0.04688478965920437,0.01929897389515014,0.11022148853896542,0.2834043605082745,0.15871544284637035,0.03441345082400692
7500,5.0,0.012150140670536231,0.04688478965920437,0.01929897389515014,0.11022148853896542,0.2834043605082745,0.15871544284637035,0.03441345082400692
7500,5.5,0.011742982006240646,0.04671440248912308,0.01876807840780364,0.11020745272466059,0.28470126967908166,0.15890356398221156,0.03357108098940148
7500,6.0,0.01156893038824594,0.046499397379070655,0.01852811376037714,0.11017912654476571,0.28462201646029345,0.15886177497010545,0.03318575889399893
7500,6.5,0.010486720350925955,0.046120986487092966,0.01708805795588752,0.11157720787154475,0.28981142284571315,0.16112239807401188,0.030899072227483247
7500,7.0,0.010027692373637716,0.04447711991686735,0.016365632957860355,0.10773062870050451,0.282939649362644,0.15604599592913437,0.029624353187844864
7500,7.5,0.009945747969936655,0.04410665645471945,0.016231421841989977,0.10637037073191878,0.2820360678942785,0.15447880425359953,0.029376220685014384
7500,8.0,0.009981108707660322,0.04417946428850713,0.016283433180848742,0.10721519289477638,0.2856412792962029,0.15590978907719416,0.02948718421534888
7500,8.5,0.009461719949464648,0.0430690145006914,0.015514991669938985,0.10717884074869508,0.2845453430070216,0.15570772124169277,0.02821826563695255
7500,9.0,0.009728664324923218,0.04343868263517808,0.01589698889401622,0.10553836475464634,0.2865478764930467,0.1542609310276095,0.028823628173828476
7500,9.5,0.009744047253900922,0.044117423360852843,0.015962514689702844,0.10551708235166225,0.28783251978767344,0.15442368584455327,0.028934154831818708
8000,1.0,0.013195397867681131,0.04762392074286516,0.02066503198580881,0.10690949414291682,0.2807136761866197,0.1548460433600827,0.03646377794228417
8000,1.5,0.012983588278010971,0.047234558578316,0.020368413612515908,0.1073398808027506,0.28083420518417934,0.1553154174790535,0.03601388521593726
8000,2.0,0.012759542878140477,0.04683922301205942,0.02005568623693365,0.10775960087968496,0.2823073232043433,0.15598002596784594,0.035541498038770616
8000,2.5,0.012500907041704278,0.04805705278701001,0.019840719578001095,0.10823879088282402,0.28407834172578716,0.15675224795789094,0.035223117186947935
8000,3.0,0.012086479590689337,0.047843500380526774,0.019297836948188794,0.1086215094456913,0.2841610024452523,0.1571658415371306,0.03437490150768614
8000,3.5,0.012266120655224075,0.04745864534367848,0.019493871936802406,0.10839533632798186,0.2834392061004854,0.1568186810860715,0.03467709172124046
8000,4.0,0.012051579061538413,0.048489500875374236,0.019305075299715885,0.10885845271186309,0.2852847933396297,0.15758565697263505,0.03439640884439294
8000,4.5,0.012266096565207312,0.04745885707550367,0.019493859376248833,0.10807381155319279,0.2834670240597599,0.1564861641663483,0.03466892681542328
8000,5.0,0.012383325984205716,0.04885101886142054,0.01975813059637107,0.10804356160618747,0.2873272851119608,0.15703668334586773,0.0351000261691198
8000,5.5,0.012103920517966884,0.04745505368909542,0.019288183037932595,0.10759395679502508,0.285967068082262,0.1563586149194347,0.034340205676344666
8000,6.0,0.011884780464028659,0.04838372931320583,0.019082270427587318,0.10783314999026263,0.288186917011306,0.15694206246972042,0.034027237350845965
8000,6.5,0.01158785367133587,0.046679516622595126,0.0185666662264888,0.10603159501652167,0.286911259114722,0.15484011536177025,0.03315746609286772
8000,7.0,0.010380164604802615,0.04638725729972028,0.01696421469152766,0.10540509201268476,0.2864998611352067,0.15411157211469065,0.030564018960366764
8000,7.5,0.010191364507343814,0.046587958856130124,0.01672421727594568,0.10650593162213491,0.29056036424893145,0.15587524102951356,0.030207411129928582
8000,8.0,0.010180565150278154,0.04567651981408447,0.01665009142893657,0.10385658703026876,0.2847960573408399,0.15220761748814227,0.03001664257570474
8000,8.5,0.00981008363527742,0.04407602661998975,0.016048273122870244,0.10249925567057859,0.28320452679944363,0.15052096722301414,0.029004173732166703
8000,9.0,0.00978373541214017,0.043998619966341274,0.01600788411815165,0.10125049750414325,0.28299055464541556,0.14914041217891072,0.028912468236414295
8000,9.5,0.00996901538612787,0.04475918272236922,0.016306218609471443,0.10211553223131346,0.2853920302089495,0.15041233712105714,0.029422717104408757
8500,1.0,0.014403937511760747,0.04935423086368443,0.022299739011176087,0.10418516108295178,0.27916746387622576,0.15174074885315272,0.03888496450806904
8500,1.5,0.013459875427012177,0.04731710753811907,0.020958012127552016,0.10368117260115325,0.2773434832951905,0.1509366762299838,0.03680547341103123
8500,2.0,0.013091154372930621,0.046811278665636225,0.020460393487241865,0.10352504199318464,0.2766566105274705,0.15066948671854943,0.03602827257373325
8500,2.5,0.01253204273726085,0.04960925580884652,0.020009408509507734,0.10558910793533892,0.2879821707503784,0.15452235545417814,0.03543081057471384
8500,3.0,0.012679683563224553,0.04858507925171566,0.020110856632769368,0.10537120906137566,0.2868425221667852,0.15412486083178956,0.035579191509503595
8500,3.5,0.012532298641343828,0.04933750626513628,0.01998753232432124,0.10569521405764948,0.2886104232925963,0.15472637253767518,0.035401857396119035
8500,4.0,0.012532298641343828,0.04933750626513628,0.01998753232432124,0.10569521405764948,0.2886104232925963,0.15472637253767518,0.035401857396119035
8500,4.5,0.012858845703237608,0.048899299316695156,0.02036293495236524,0.10567730416390696,0.28945258488890324,0.15482791710674906,0.035992185297336214
8500,5.0,0.01277436845114572,0.049359479589470796,0.020296060801530565,0.10724253721972131,0.29549636550733255,0.1573713379146262,0.03595502906907825
8500,5.5,0.012440562186235123,0.04906049742949808,0.019848118812026517,0.10743517362025863,0.29726621670920195,0.15782919637410334,0.035261818745496346
8500,6.0,0.011866535598553397,0.04890595289410999,0.01909891285986067,0.10759849461391684,0.2953582196055886,0.15773455897347918,0.03407226658607119
8500,6.5,0.011439619733116689,0.04842367176431165,0.018507114367033492,0.10611978110318417,0.2956719867975647,0.1561836205915091,0.033092861269722156
8500,7.0,0.010908104970667328,0.046437887461705955,0.017666425483722718,0.10464982140645655,0.29239068324074846,0.15413355778018117,0.03169952594095223
8500,7.5,0.010656546825096997,0.04719601971068532,0.017387183460358394,0.10444995521656399,0.2940153082384557,0.15414084285395988,0.031249413533447214
8500,8.0,0.010549207858780737,0.04617058982163061,0.017174361295689135,0.10255974034473772,0.2918446033638807,0.15178081691780576,0.030857161231333426
8500,8.5,0.010417761698664423,0.046728903438858535,0.01703723495656039,0.10263935569416674,0.293542456834731,0.15209687918827378,0.0306420769102937
8500,9.0,0.010160388010449708,0.044654395993108935,0.01655414676569016,0.10147789745156931,0.2897135506249374,0.1503075904404621,0.02982366064036058
8500,9.5,0.010135152576677098,0.045243579707770015,0.016560530172413605,0.10061914924995291,0.2911696686434802,0.14955630690953792,0.029819153513358662
9000,1.0,0.013711262446856267,0.047087909471722755,0.021238272314143363,0.09896917683564271,0.27347487902208395,0.1453403980348751,0.03706091476469577
9000,1.5,0.013811085750254153,0.04731926822393877,0.021381537275442324,0.09874025155129817,0.27375449180226696,0.14513271860159754,0.03727201153224773
9000,2.0,0.013528492189337738,0.04705228415515939,0.021014800307734734,0.09867470252394438,0.27305352816425166,0.14496330082242834,0.036708153641839616
9000,2.5,0.013085904147061801,0.048202310142216126,0.020583755539385504,0.09912990756931418,0.27743585513623564,0.14606846080998404,0.036082778317498176
9000,3.0,0.012795292088342984,0.047573428196306174,0.02016659974057249,0.09883754787133649,0.27716669062288507,0.1457136555826368,0.035429761826023934
9000,3.5,0.012776000284973851,0.04791184633399955,0.020172795593160108,0.09972165529446228,0.27925375450895973,0.1469628156680229,0.03547599243387372
9000,4.0,0.012950631195678563,0.04860167224441029,0.020451625611159947,0.10059351679271859,0.2812537881843225,0.14818649913706455,0.035942700448127814
9000,4.5,0.012601353092760208,0.048789943378408786,0.02002952663414895,0.10126043294457317,0.28259232054476874,0.14909582106707187,0.03531485681707386
9000,5.0,0.012473769612242221,0.04839524577638751,0.01983508825592935,0.1009165896756413,0.282300529999985,0.14868232805120435,0.03500085823316573
9000,5.5,0.012114085322124865,0.04811390472603277,0.01935498583185999,0.10097705718414902,0.28266985177724185,0.14879916465073348,0.03425435191866612
9000,6.0,0.011831601280436086,0.048348092429704656,0.01901090939588958,0.10202778987062272,0.2882007791719816,0.15070392518953865,0.03376273705691998
9000,6.5,0.011400812770236449,0.04787799985815496,0.01841629708806953,0.10121539686043995,0.2880723254161748,0.1497984810360379,0.032800130415008524
9000,7.0,0.010753123446660136,0.045828210425255395,0.0174190451274211,0.0996356488452127,0.28368245813018195,0.1474748271342157,0.03115786698166086
9000,7.5,0.010265001461559422,0.045311418365815405,0.01673809781900792,0.0990954699832858,0.2831961795878516,0.14681701023399976,0.03005026878151097
9000,8.0,0.010862036898118215,0.04670424832191919,0.017625013204603385,0.09862609032770842,0.2874455240407979,0.14686201815025657,0.031472937262375794
9000,8.5,0.010766415856502046,0.045577841113459146,0.01741827890394187,0.09750423258035101,0.28501110219553455,0.14530025998951146,0.031107462868380047
9000,9.0,0.010402519988544641,0.04579196674729087,0.016953686280390665,0.0967076613922932,0.2877666360654421,0.14476514338998317,0.030352715640745973
9000,9.5,0.010369296127444895,0.04443507174019018,0.01681473339610925,0.09680401438117428,0.28631484069935137,0.14468839415788123,0.030128169158366636
9500,1.0,0.014179939698431931,0.04838909669745303,0.021932716652053243,0.10023958187328194,0.2765913588593453,0.1471503486837916,0.038175400907499886
9500,1.5,0.014039295449008825,0.04819160654897004,0.021744059005455292,0.0999074191545721,0.27660926139936837,0.146794651328624,0.03787748884333805
9500,2.0,0.013732134540850118,0.04789407229487679,0.021344420766172007,0.0998125477544903,0.27593291597274505,0.14659693867952378,0.03726332515749641
9500,2.5,0.014079361522009256,0.04909058610676376,0.021882687419219466,0.10029343549443222,0.2790984007206176,0.1475610952967684,0.03811332905650676
9500,3.0,0.013048818886247147,0.04929189496868661,0.020635022290666456,0.09991202832735945,0.279839245120625,0.1472506271367563,0.0361974949454526
9500,3.5,0.013088605864677513,0.04934621038384641,0.020689517081581614,0.1010322909438317,0.28257629883317514,0.14884614994747808,0.03632928711500155
9500,4.0,0.013005559209960743,0.05032946646656877,0.020669853659797587,0.1041949508402039,0.2917526298305788,0.15355139117757738,0.03643510626802706
9500,4.5,0.013013596830571269,0.050420469067281676,0.020687674585024584,0.10390002652167804,0.29183247777357707,0.15324190887255976,0.03645404859279295
9500,5.0,0.012830572300295467,0.05008506998825142,0.02042799177674772,0.10350728923327944,0.29131460707282936,0.15274322713241048,0.036036443093371055
9500,5.5,0.01249809955251305,0.049695505722025066,0.019973094503354914,0.10334592186918097,0.29144513523258014,0.15258535183655633,0.035322543946135605
9500,6.0,0.012272889111829497,0.04871002665429176,0.019605909237107803,0.10318300594681289,0.28954880805004246,0.15214716668285672,0.0347357219041276
9500,6.5,0.011378596575084061,0.04750863937227302,0.018359891835694538,0.10275666115421643,0.2885842844749923,0.15155049766923998,0.03275197888675449
9500,7.0,0.010887051178187534,0.046584380332382234,0.017649344011538098,0.10045954706228394,0.28696666294488754,0.14882080890131244,0.03155628329061115
9500,7.5,0.010569973786698356,0.04710022531691897,0.017265352112030164,0.10236736384417913,0.2932944272477649,0.15176485586178393,0.031003614159797206
9500,8.0,0.010594052525821102,0.047901073895693466,0.01735072728067711,0.1016278673256401,0.2945560939952122,0.151117211008252,0.031127507610663532
9500,8.5,0.010471247283751364,0.04680491172732592,0.01711378043685495,0.09905741428411029,0.28954098318714167,0.14761348122090032,0.030671604465603235
9500,9.0,0.010022541511712573,0.044974917540279005,0.016392138320687494,0.09766097277341056,0.2855566916904222,0.14554519208534814,0.02946568174974849
9500,9.5,0.009997747714889845,0.044827749051545726,0.016349200721446903,0.0974515835367492,0.28841016664515884,0.14567926172738468,0.029399026009832824
