edges,iterations,precision,recall,f1rp,recovery,relevance,f1rr,f1rprr
1000,1,0.0031128030344183657,0.015268070432482194,0.005171298965473807,0.33028125974617106,0.10153115441696077,0.15531669069453052,0.010009335198366012
1000,2,0.0031128030344183657,0.015268070432482194,0.005171298965473807,0.3302812597461711,0.10153115441696077,0.15531669069453052,0.010009335198366012
1000,3,0.0031128030344183657,0.015268070432482194,0.005171298965473807,0.3302812597461711,0.10153115441696077,0.15531669069453052,0.010009335198366012
1000,4,0.0031128030344183657,0.015268070432482194,0.005171298965473807,0.33028125974617106,0.10153115441696077,0.15531669069453052,0.010009335198366012
1000,5,0.0031128030344183657,0.015268070432482194,0.005171298965473807,0.33028125974617106,0.10153115441696077,0.15531669069453052,0.010009335198366012
1000,6,0.0031128030344183657,0.015268070432482194,0.005171298965473807,0.33028125974617106,0.10153115441696077,0.15531669069453052,0.010009335198366012
1000,7,0.0031128030344183657,0.015268070432482194,0.005171298965473807,0.33028125974617106,0.10153115441696077,0.15531669069453052,0.010009335198366012
1000,8,0.0031128030344183657,0.015268070432482194,0.005171298965473807,0.33028125974617106,0.10153115441696077,0.15531669069453052,0.010009335198366012
1000,9,0.0031128030344183657,0.015268070432482194,0.005171298965473807,0.3302812597461711,0.10153115441696077,0.15531669069453052,0.010009335198366012
1000,10,0.0031128030344183657,0.015268070432482194,0.005171298965473807,0.33028125974617106,0.10153115441696077,0.15531669069453052,0.010009335198366012
1000,11,0.0031128030344183657,0.015268070432482194,0.005171298965473807,0.3302812597461711,0.10153115441696077,0.15531669069453052,0.010009335198366012
1000,12,0.0031128030344183657,0.015268070432482194,0.005171298965473807,0.33028125974617106,0.10153115441696077,0.15531669069453052,0.010009335198366012
1000,13,0.0031128030344183657,0.015268070432482194,0.005171298965473807,0.3302812597461711,0.10153115441696077,0.15531669069453052,0.010009335198366012
1000,14,0.0031128030344183657,0.015268070432482194,0.005171298965473807,0.3302812597461711,0.10153115441696077,0.15531669069453052,0.010009335198366012
1000,15,0.0031128030344183657,0.015268070432482194,0.005171298965473807,0.33028125974617106,0.10153115441696077,0.15531669069453052,0.010009335198366012
1000,16,0.0031128030344183657,0.015268070432482194,0.005171298965473807,0.3302812597461711,0.10153115441696077,0.15531669069453052,0.010009335198366012
1000,17,0.0031128030344183657,0.015268070432482194,0.005171298965473807,0.33028125974617106,0.10153115441696077,0.15531669069453052,0.010009335198366012
1000,18,0.0031128030344183657,0.015268070432482194,0.005171298965473807,0.33028125974617106,0.10153115441696077,0.15531669069453052,0.010009335198366012
1000,19,0.0031128030344183657,0.015268070432482194,0.005171298965473807,0.3302812597461711,0.10153115441696077,0.15531669069453052,0.010009335198366012
1500,1,0.0038155458255771687,0.017476250046592416,0.00626357995467893,0.29076466129546363,0.112260646180982,0.16198203020057644,0.012060788943572157
1500,2,0.0038155458255771687,0.017476250046592416,0.00626357995467893,0.29076466129546363,0.112260646180982,0.16198203020057644,0.012060788943572157
1500,3,0.0038155458255771687,0.017476250046592416,0.00626357995467893,0.2907646612954636,0.112260646180982,0.16198203020057644,0.012060788943572157
1500,4,0.0038155458255771687,0.017476250046592416,0.00626357995467893,0.29076466129546363,0.112260646180982,0.16198203020057644,0.012060788943572157
1500,5,0.0038155458255771687,0.017476250046592416,0.00626357995467893,0.29076466129546363,0.112260646180982,0.16198203020057644,0.012060788943572157
1500,6,0.0038155458255771687,0.017476250046592416,0.00626357995467893,0.29076466129546363,0.112260646180982,0.16198203020057644,0.012060788943572157
1500,7,0.0038155458255771687,0.017476250046592416,0.00626357995467893,0.2907646612954637,0.112260646180982,0.16198203020057644,0.012060788943572157
1500,8,0.0038155458255771687,0.017476250046592416,0.00626357995467893,0.29076466129546363,0.112260646180982,0.16198203020057644,0.012060788943572157
1500,9,0.0038155458255771687,0.017476250046592416,0.00626357995467893,0.2907646612954636,0.112260646180982,0.16198203020057644,0.012060788943572157
1500,10,0.0038155458255771687,0.017476250046592416,0.00626357995467893,0.2907646612954637,0.112260646180982,0.16198203020057644,0.012060788943572157
1500,11,0.0038155458255771687,0.017476250046592416,0.00626357995467893,0.29076466129546363,0.112260646180982,0.16198203020057644,0.012060788943572157
1500,12,0.0038155458255771687,0.017476250046592416,0.00626357995467893,0.29076466129546363,0.112260646180982,0.16198203020057644,0.012060788943572157
1500,13,0.0038155458255771687,0.017476250046592416,0.00626357995467893,0.29076466129546363,0.112260646180982,0.16198203020057644,0.012060788943572157
1500,14,0.0038155458255771687,0.017476250046592416,0.00626357995467893,0.29076466129546363,0.112260646180982,0.16198203020057644,0.012060788943572157
1500,15,0.0038155458255771687,0.017476250046592416,0.00626357995467893,0.29076466129546363,0.112260646180982,0.16198203020057644,0.012060788943572157
1500,16,0.0038155458255771687,0.017476250046592416,0.00626357995467893,0.2907646612954637,0.112260646180982,0.16198203020057644,0.012060788943572157
1500,17,0.0038155458255771687,0.017476250046592416,0.00626357995467893,0.29076466129546363,0.112260646180982,0.16198203020057644,0.012060788943572157
1500,18,0.0038155458255771687,0.017476250046592416,0.00626357995467893,0.2907646612954637,0.112260646180982,0.16198203020057644,0.012060788943572157
1500,19,0.0038155458255771687,0.017476250046592416,0.00626357995467893,0.29076466129546363,0.112260646180982,0.16198203020057644,0.012060788943572157
2000,1,0.004838879037075636,0.02186937782221654,0.00792438641393349,0.28447223499779495,0.13080230995650616,0.17920494240886528,0.015177623089529621
2000,2,0.004838879037075636,0.02186937782221654,0.00792438641393349,0.284472234997795,0.13080230995650616,0.1792049424088653,0.015177623089529621
2000,3,0.004838879037075636,0.02186937782221654,0.00792438641393349,0.284472234997795,0.13080230995650616,0.1792049424088653,0.015177623089529621
2000,4,0.004838879037075636,0.02186937782221654,0.00792438641393349,0.28447223499779495,0.13080230995650616,0.17920494240886528,0.015177623089529621
2000,5,0.004838879037075636,0.02186937782221654,0.00792438641393349,0.284472234997795,0.13080230995650616,0.1792049424088653,0.015177623089529621
2000,6,0.004838879037075636,0.02186937782221654,0.00792438641393349,0.284472234997795,0.13080230995650616,0.1792049424088653,0.015177623089529621
2000,7,0.004838879037075636,0.02186937782221654,0.00792438641393349,0.284472234997795,0.13080230995650616,0.1792049424088653,0.015177623089529621
2000,8,0.004838879037075636,0.02186937782221654,0.00792438641393349,0.28447223499779495,0.13080230995650616,0.17920494240886528,0.015177623089529621
2000,9,0.004838879037075636,0.02186937782221654,0.00792438641393349,0.28447223499779495,0.13080230995650616,0.17920494240886528,0.015177623089529621
2000,10,0.004838879037075636,0.02186937782221654,0.00792438641393349,0.284472234997795,0.13080230995650616,0.1792049424088653,0.015177623089529621
2000,11,0.004838879037075636,0.02186937782221654,0.00792438641393349,0.284472234997795,0.13080230995650616,0.1792049424088653,0.015177623089529621
2000,12,0.004838879037075636,0.02186937782221654,0.00792438641393349,0.284472234997795,0.13080230995650616,0.1792049424088653,0.015177623089529621
2000,13,0.004838879037075636,0.02186937782221654,0.00792438641393349,0.284472234997795,0.13080230995650616,0.1792049424088653,0.015177623089529621
2000,14,0.004838879037075636,0.02186937782221654,0.00792438641393349,0.284472234997795,0.13080230995650616,0.1792049424088653,0.015177623089529621
2000,15,0.004838879037075636,0.02186937782221654,0.00792438641393349,0.284472234997795,0.13080230995650616,0.1792049424088653,0.015177623089529621
2000,16,0.004838879037075636,0.02186937782221654,0.00792438641393349,0.284472234997795,0.13080230995650616,0.1792049424088653,0.015177623089529621
2000,17,0.004838879037075636,0.02186937782221654,0.00792438641393349,0.284472234997795,0.13080230995650616,0.1792049424088653,0.015177623089529621
2000,18,0.004838879037075636,0.02186937782221654,0.00792438641393349,0.284472234997795,0.13080230995650616,0.1792049424088653,0.015177623089529621
2000,19,0.004838879037075636,0.02186937782221654,0.00792438641393349,0.28447223499779495,0.13080230995650616,0.17920494240886528,0.015177623089529621
2500,1,0.005081122458154081,0.02333209403567581,0.008344935324459294,0.26056931070527856,0.13452651869160606,0.17744293732769514,0.015940220582148196
2500,2,0.005081122458154081,0.02333209403567581,0.008344935324459294,0.26056931070527856,0.13452651869160606,0.17744293732769514,0.015940220582148196
2500,3,0.005081122458154081,0.02333209403567581,0.008344935324459294,0.2605693107052786,0.13452651869160606,0.17744293732769517,0.015940220582148196
2500,4,0.005081122458154081,0.02333209403567581,0.008344935324459294,0.26056931070527856,0.13452651869160606,0.17744293732769514,0.015940220582148196
2500,5,0.005081122458154081,0.02333209403567581,0.008344935324459294,0.2605693107052786,0.13452651869160606,0.17744293732769517,0.015940220582148196
2500,6,0.005081122458154081,0.02333209403567581,0.008344935324459294,0.26056931070527856,0.13452651869160606,0.17744293732769514,0.015940220582148196
2500,7,0.005081122458154081,0.02333209403567581,0.008344935324459294,0.26056931070527856,0.13452651869160606,0.17744293732769514,0.015940220582148196
2500,8,0.005081122458154081,0.02333209403567581,0.008344935324459294,0.26056931070527856,0.13452651869160606,0.17744293732769514,0.015940220582148196
2500,9,0.005081122458154081,0.02333209403567581,0.008344935324459294,0.26056931070527856,0.13452651869160606,0.17744293732769514,0.015940220582148196
2500,10,0.005081122458154081,0.02333209403567581,0.008344935324459294,0.26056931070527856,0.13452651869160606,0.17744293732769514,0.015940220582148196
2500,11,0.005081122458154081,0.02333209403567581,0.008344935324459294,0.26056931070527856,0.13452651869160606,0.17744293732769514,0.015940220582148196
2500,12,0.005081122458154081,0.02333209403567581,0.008344935324459294,0.2605693107052786,0.13452651869160606,0.17744293732769517,0.015940220582148196
2500,13,0.005081122458154081,0.02333209403567581,0.008344935324459294,0.26056931070527856,0.13452651869160606,0.17744293732769514,0.015940220582148196
2500,14,0.005081122458154081,0.02333209403567581,0.008344935324459294,0.26056931070527856,0.13452651869160606,0.17744293732769514,0.015940220582148196
2500,15,0.005081122458154081,0.02333209403567581,0.008344935324459294,0.2605693107052786,0.13452651869160606,0.17744293732769517,0.015940220582148196
2500,16,0.005081122458154081,0.02333209403567581,0.008344935324459294,0.26056931070527856,0.13452651869160606,0.17744293732769514,0.015940220582148196
2500,17,0.005081122458154081,0.02333209403567581,0.008344935324459294,0.26056931070527856,0.13452651869160606,0.17744293732769514,0.015940220582148196
2500,18,0.005081122458154081,0.02333209403567581,0.008344935324459294,0.26056931070527856,0.13452651869160606,0.17744293732769514,0.015940220582148196
2500,19,0.005081122458154081,0.02333209403567581,0.008344935324459294,0.26056931070527856,0.13452651869160606,0.17744293732769514,0.015940220582148196
3000,1,0.005405869491227087,0.024842220902781553,0.008879489734616155,0.25498504303185293,0.14037540949321445,0.18106833701568473,0.016928800579628048
3000,2,0.005405869491227087,0.024842220902781553,0.008879489734616155,0.254985043031853,0.14037540949321445,0.18106833701568475,0.016928800579628048
3000,3,0.005405869491227087,0.024842220902781553,0.008879489734616155,0.254985043031853,0.14037540949321445,0.18106833701568475,0.016928800579628048
3000,4,0.005405869491227087,0.024842220902781553,0.008879489734616155,0.25498504303185293,0.14037540949321445,0.18106833701568473,0.016928800579628048
3000,5,0.005405869491227087,0.024842220902781553,0.008879489734616155,0.25498504303185293,0.14037540949321445,0.18106833701568473,0.016928800579628048
3000,6,0.005405869491227087,0.024842220902781553,0.008879489734616155,0.25498504303185293,0.14037540949321445,0.18106833701568473,0.016928800579628048
3000,7,0.005405869491227087,0.024842220902781553,0.008879489734616155,0.25498504303185293,0.14037540949321445,0.18106833701568473,0.016928800579628048
3000,8,0.005405869491227087,0.024842220902781553,0.008879489734616155,0.25498504303185293,0.14037540949321445,0.18106833701568473,0.016928800579628048
3000,9,0.005405869491227087,0.024842220902781553,0.008879489734616155,0.25498504303185293,0.14037540949321445,0.18106833701568473,0.016928800579628048
3000,10,0.005405869491227087,0.024842220902781553,0.008879489734616155,0.25498504303185293,0.14037540949321445,0.18106833701568473,0.016928800579628048
3000,11,0.005405869491227087,0.024842220902781553,0.008879489734616155,0.25498504303185293,0.14037540949321445,0.18106833701568473,0.016928800579628048
3000,12,0.005405869491227087,0.024842220902781553,0.008879489734616155,0.25498504303185293,0.14037540949321445,0.18106833701568473,0.016928800579628048
3000,13,0.005405869491227087,0.024842220902781553,0.008879489734616155,0.25498504303185293,0.14037540949321445,0.18106833701568473,0.016928800579628048
3000,14,0.005405869491227087,0.024842220902781553,0.008879489734616155,0.25498504303185293,0.14037540949321445,0.18106833701568473,0.016928800579628048
3000,15,0.005405869491227087,0.024842220902781553,0.008879489734616155,0.254985043031853,0.14037540949321445,0.18106833701568475,0.016928800579628048
3000,16,0.005405869491227087,0.024842220902781553,0.008879489734616155,0.254985043031853,0.14037540949321445,0.18106833701568475,0.016928800579628048
3000,17,0.005405869491227087,0.024842220902781553,0.008879489734616155,0.25498504303185293,0.14037540949321445,0.18106833701568473,0.016928800579628048
3000,18,0.005405869491227087,0.024842220902781553,0.008879489734616155,0.25498504303185293,0.14037540949321445,0.18106833701568473,0.016928800579628048
3000,19,0.005405869491227087,0.024842220902781553,0.008879489734616155,0.25498504303185293,0.14037540949321445,0.18106833701568473,0.016928800579628048
3500,1,0.005840271161727843,0.027203544651483454,0.009616085395398799,0.24981413329378638,0.15964996533844156,0.19480495532883202,0.018327478220952546
3500,2,0.005840271161727843,0.027203544651483454,0.009616085395398799,0.24981413329378643,0.15964996533844156,0.19480495532883205,0.018327478220952546
3500,3,0.005840271161727843,0.027203544651483454,0.009616085395398799,0.24981413329378643,0.15964996533844156,0.19480495532883205,0.018327478220952546
3500,4,0.005840271161727843,0.027203544651483454,0.009616085395398799,0.24981413329378643,0.15964996533844156,0.19480495532883205,0.018327478220952546
3500,5,0.005840271161727843,0.027203544651483454,0.009616085395398799,0.24981413329378643,0.15964996533844156,0.19480495532883205,0.018327478220952546
3500,6,0.005840271161727843,0.027203544651483454,0.009616085395398799,0.24981413329378646,0.15964996533844156,0.19480495532883205,0.018327478220952546
3500,7,0.005840271161727843,0.027203544651483454,0.009616085395398799,0.24981413329378643,0.15964996533844156,0.19480495532883205,0.018327478220952546
3500,8,0.005840271161727843,0.027203544651483454,0.009616085395398799,0.24981413329378643,0.15964996533844156,0.19480495532883205,0.018327478220952546
3500,9,0.005840271161727843,0.027203544651483454,0.009616085395398799,0.24981413329378643,0.15964996533844156,0.19480495532883205,0.018327478220952546
3500,10,0.005840271161727843,0.027203544651483454,0.009616085395398799,0.24981413329378643,0.15964996533844156,0.19480495532883205,0.018327478220952546
3500,11,0.005840271161727843,0.027203544651483454,0.009616085395398799,0.24981413329378643,0.15964996533844156,0.19480495532883205,0.018327478220952546
3500,12,0.005840271161727843,0.027203544651483454,0.009616085395398799,0.24981413329378643,0.15964996533844156,0.19480495532883205,0.018327478220952546
3500,13,0.005840271161727843,0.027203544651483454,0.009616085395398799,0.24981413329378643,0.15964996533844156,0.19480495532883205,0.018327478220952546
3500,14,0.005840271161727843,0.027203544651483454,0.009616085395398799,0.24981413329378643,0.15964996533844156,0.19480495532883205,0.018327478220952546
3500,15,0.005840271161727843,0.027203544651483454,0.009616085395398799,0.24981413329378646,0.15964996533844156,0.19480495532883205,0.018327478220952546
3500,16,0.005840271161727843,0.027203544651483454,0.009616085395398799,0.24981413329378646,0.15964996533844156,0.19480495532883205,0.018327478220952546
3500,17,0.005840271161727843,0.027203544651483454,0.009616085395398799,0.24981413329378646,0.15964996533844156,0.19480495532883205,0.018327478220952546
3500,18,0.005840271161727843,0.027203544651483454,0.009616085395398799,0.24981413329378643,0.15964996533844156,0.19480495532883205,0.018327478220952546
3500,19,0.005840271161727843,0.027203544651483454,0.009616085395398799,0.24981413329378643,0.15964996533844156,0.19480495532883205,0.018327478220952546
4000,1,0.007230233257794254,0.030307980455316987,0.011675236863392502,0.26366357521733635,0.17638989206778238,0.2113724491785834,0.022128213516556534
4000,2,0.007230233257794254,0.030307980455316987,0.011675236863392502,0.2636635752173364,0.17638989206778238,0.2113724491785834,0.022128213516556534
4000,3,0.007230233257794254,0.030307980455316987,0.011675236863392502,0.2636635752173364,0.17638989206778238,0.2113724491785834,0.022128213516556534
4000,4,0.007230233257794254,0.030307980455316987,0.011675236863392502,0.26366357521733635,0.17638989206778238,0.2113724491785834,0.022128213516556534
4000,5,0.007230233257794254,0.030307980455316987,0.011675236863392502,0.2636635752173364,0.17638989206778238,0.2113724491785834,0.022128213516556534
4000,6,0.007230233257794254,0.030307980455316987,0.011675236863392502,0.2636635752173364,0.17638989206778238,0.2113724491785834,0.022128213516556534
4000,7,0.007230233257794254,0.030307980455316987,0.011675236863392502,0.26366357521733647,0.17638989206778238,0.2113724491785834,0.022128213516556538
4000,8,0.007230233257794254,0.030307980455316987,0.011675236863392502,0.2636635752173364,0.17638989206778238,0.2113724491785834,0.022128213516556534
4000,9,0.007230233257794254,0.030307980455316987,0.011675236863392502,0.2636635752173364,0.17638989206778238,0.2113724491785834,0.022128213516556534
4000,10,0.007230233257794254,0.030307980455316987,0.011675236863392502,0.2636635752173364,0.17638989206778238,0.2113724491785834,0.022128213516556534
4000,11,0.007230233257794254,0.030307980455316987,0.011675236863392502,0.2636635752173364,0.17638989206778238,0.2113724491785834,0.022128213516556534
4000,12,0.007230233257794254,0.030307980455316987,0.011675236863392502,0.2636635752173364,0.17638989206778238,0.2113724491785834,0.022128213516556534
4000,13,0.007230233257794254,0.030307980455316987,0.011675236863392502,0.26366357521733647,0.17638989206778238,0.2113724491785834,0.022128213516556538
4000,14,0.007230233257794254,0.030307980455316987,0.011675236863392502,0.2636635752173364,0.17638989206778238,0.2113724491785834,0.022128213516556534
4000,15,0.007230233257794254,0.030307980455316987,0.011675236863392502,0.2636635752173364,0.17638989206778238,0.2113724491785834,0.022128213516556534
4000,16,0.007230233257794254,0.030307980455316987,0.011675236863392502,0.2636635752173364,0.17638989206778238,0.2113724491785834,0.022128213516556534
4000,17,0.007230233257794254,0.030307980455316987,0.011675236863392502,0.2636635752173364,0.17638989206778238,0.2113724491785834,0.022128213516556534
4000,18,0.007230233257794254,0.030307980455316987,0.011675236863392502,0.2636635752173364,0.17638989206778238,0.2113724491785834,0.022128213516556534
4000,19,0.007230233257794254,0.030307980455316987,0.011675236863392502,0.2636635752173364,0.17638989206778238,0.2113724491785834,0.022128213516556534
4500,1,0.00840731340505226,0.03201765637235076,0.013317633784260272,0.271579183120286,0.1828334481790312,0.2185403973544916,0.025105371288968923
4500,2,0.00840731340505226,0.03201765637235076,0.013317633784260272,0.27157918312028606,0.1828334481790312,0.2185403973544916,0.025105371288968923
4500,3,0.00840731340505226,0.03201765637235076,0.013317633784260272,0.27157918312028606,0.1828334481790312,0.2185403973544916,0.025105371288968923
4500,4,0.00840731340505226,0.03201765637235076,0.013317633784260272,0.27157918312028606,0.1828334481790312,0.2185403973544916,0.025105371288968923
4500,5,0.00840731340505226,0.03201765637235076,0.013317633784260272,0.27157918312028606,0.1828334481790312,0.2185403973544916,0.025105371288968923
4500,6,0.00840731340505226,0.03201765637235076,0.013317633784260272,0.27157918312028606,0.1828334481790312,0.2185403973544916,0.025105371288968923
4500,7,0.00840731340505226,0.03201765637235076,0.013317633784260272,0.271579183120286,0.1828334481790312,0.2185403973544916,0.025105371288968923
4500,8,0.00840731340505226,0.03201765637235076,0.013317633784260272,0.271579183120286,0.1828334481790312,0.2185403973544916,0.025105371288968923
4500,9,0.00840731340505226,0.03201765637235076,0.013317633784260272,0.27157918312028606,0.1828334481790312,0.2185403973544916,0.025105371288968923
4500,10,0.00840731340505226,0.03201765637235076,0.013317633784260272,0.271579183120286,0.1828334481790312,0.2185403973544916,0.025105371288968923
4500,11,0.00840731340505226,0.03201765637235076,0.013317633784260272,0.27157918312028606,0.1828334481790312,0.2185403973544916,0.025105371288968923
4500,12,0.00840731340505226,0.03201765637235076,0.013317633784260272,0.27157918312028606,0.1828334481790312,0.2185403973544916,0.025105371288968923
4500,13,0.00840731340505226,0.03201765637235076,0.013317633784260272,0.27157918312028606,0.1828334481790312,0.2185403973544916,0.025105371288968923
4500,14,0.00840731340505226,0.03201765637235076,0.013317633784260272,0.27157918312028606,0.1828334481790312,0.2185403973544916,0.025105371288968923
4500,15,0.00840731340505226,0.03201765637235076,0.013317633784260272,0.27157918312028606,0.1828334481790312,0.2185403973544916,0.025105371288968923
4500,16,0.00840731340505226,0.03201765637235076,0.013317633784260272,0.271579183120286,0.1828334481790312,0.2185403973544916,0.025105371288968923
4500,17,0.00840731340505226,0.03201765637235076,0.013317633784260272,0.271579183120286,0.1828334481790312,0.2185403973544916,0.025105371288968923
4500,18,0.00840731340505226,0.03201765637235076,0.013317633784260272,0.271579183120286,0.1828334481790312,0.2185403973544916,0.025105371288968923
4500,19,0.00840731340505226,0.03201765637235076,0.013317633784260272,0.271579183120286,0.1828334481790312,0.2185403973544916,0.025105371288968923
5000,1,0.00947430587654859,0.03375775879176901,0.014796023967569316,0.2752534900199606,0.18935215685687326,0.22436163816785573,0.02776126966699417
5000,2,0.00947430587654859,0.03375775879176901,0.014796023967569316,0.2752534900199606,0.18935215685687326,0.22436163816785573,0.02776126966699417
5000,3,0.00947430587654859,0.03375775879176901,0.014796023967569316,0.27525349001996063,0.18935215685687326,0.22436163816785573,0.02776126966699417
5000,4,0.00947430587654859,0.03375775879176901,0.014796023967569316,0.27525349001996063,0.18935215685687326,0.22436163816785573,0.02776126966699417
5000,5,0.00947430587654859,0.03375775879176901,0.014796023967569316,0.27525349001996063,0.18935215685687326,0.22436163816785573,0.02776126966699417
5000,6,0.00947430587654859,0.03375775879176901,0.014796023967569316,0.27525349001996063,0.18935215685687326,0.22436163816785573,0.02776126966699417
5000,7,0.00947430587654859,0.03375775879176901,0.014796023967569316,0.27525349001996063,0.18935215685687326,0.22436163816785573,0.02776126966699417
5000,8,0.00947430587654859,0.03375775879176901,0.014796023967569316,0.27525349001996063,0.18935215685687326,0.22436163816785573,0.02776126966699417
5000,9,0.00947430587654859,0.03375775879176901,0.014796023967569316,0.27525349001996063,0.18935215685687326,0.22436163816785573,0.02776126966699417
5000,10,0.00947430587654859,0.03375775879176901,0.014796023967569316,0.27525349001996063,0.18935215685687326,0.22436163816785573,0.02776126966699417
5000,11,0.00947430587654859,0.03375775879176901,0.014796023967569316,0.27525349001996063,0.18935215685687326,0.22436163816785573,0.02776126966699417
5000,12,0.00947430587654859,0.03375775879176901,0.014796023967569316,0.2752534900199606,0.18935215685687326,0.22436163816785573,0.02776126966699417
5000,13,0.00947430587654859,0.03375775879176901,0.014796023967569316,0.27525349001996063,0.18935215685687326,0.22436163816785573,0.02776126966699417
5000,14,0.00947430587654859,0.03375775879176901,0.014796023967569316,0.27525349001996063,0.18935215685687326,0.22436163816785573,0.02776126966699417
5000,15,0.00947430587654859,0.03375775879176901,0.014796023967569316,0.27525349001996063,0.18935215685687326,0.22436163816785573,0.02776126966699417
5000,16,0.00947430587654859,0.03375775879176901,0.014796023967569316,0.27525349001996063,0.18935215685687326,0.22436163816785573,0.02776126966699417
5000,17,0.00947430587654859,0.03375775879176901,0.014796023967569316,0.27525349001996063,0.18935215685687326,0.22436163816785573,0.02776126966699417
5000,18,0.00947430587654859,0.03375775879176901,0.014796023967569316,0.27525349001996063,0.18935215685687326,0.22436163816785573,0.02776126966699417
5000,19,0.00947430587654859,0.03375775879176901,0.014796023967569316,0.27525349001996063,0.18935215685687326,0.22436163816785573,0.02776126966699417
5500,1,0.009837141120924157,0.03366143744577992,0.015224971546116803,0.27187310355204797,0.18839350216460019,0.22256286024826719,0.02850030793360611
5500,2,0.009837141120924157,0.03366143744577992,0.015224971546116803,0.27187310355204797,0.18839350216460019,0.22256286024826719,0.02850030793360611
5500,3,0.009837141120924157,0.03366143744577992,0.015224971546116803,0.27187310355204797,0.18839350216460019,0.22256286024826719,0.02850030793360611
5500,4,0.009837141120924157,0.03366143744577992,0.015224971546116803,0.27187310355204797,0.18839350216460019,0.22256286024826719,0.02850030793360611
5500,5,0.009837141120924157,0.03366143744577992,0.015224971546116803,0.27187310355204797,0.18839350216460019,0.22256286024826719,0.02850030793360611
5500,6,0.009837141120924157,0.03366143744577992,0.015224971546116803,0.27187310355204797,0.18839350216460019,0.22256286024826719,0.02850030793360611
5500,7,0.009837141120924157,0.03366143744577992,0.015224971546116803,0.271873103552048,0.18839350216460019,0.22256286024826719,0.02850030793360611
5500,8,0.009837141120924157,0.03366143744577992,0.015224971546116803,0.27187310355204797,0.18839350216460019,0.22256286024826719,0.02850030793360611
5500,9,0.009837141120924157,0.03366143744577992,0.015224971546116803,0.271873103552048,0.18839350216460019,0.22256286024826719,0.02850030793360611
5500,10,0.009837141120924157,0.03366143744577992,0.015224971546116803,0.27187310355204797,0.18839350216460019,0.22256286024826719,0.02850030793360611
5500,11,0.009837141120924157,0.03366143744577992,0.015224971546116803,0.271873103552048,0.18839350216460019,0.22256286024826719,0.02850030793360611
5500,12,0.009837141120924157,0.03366143744577992,0.015224971546116803,0.27187310355204797,0.18839350216460019,0.22256286024826719,0.02850030793360611
5500,13,0.009837141120924157,0.03366143744577992,0.015224971546116803,0.27187310355204797,0.18839350216460019,0.22256286024826719,0.02850030793360611
5500,14,0.009837141120924157,0.03366143744577992,0.015224971546116803,0.27187310355204797,0.18839350216460019,0.22256286024826719,0.02850030793360611
5500,15,0.009837141120924157,0.03366143744577992,0.015224971546116803,0.271873103552048,0.18839350216460019,0.22256286024826719,0.02850030793360611
5500,16,0.009837141120924157,0.03366143744577992,0.015224971546116803,0.27187310355204797,0.18839350216460019,0.22256286024826719,0.02850030793360611
5500,17,0.009837141120924157,0.03366143744577992,0.015224971546116803,0.271873103552048,0.18839350216460019,0.22256286024826719,0.02850030793360611
5500,18,0.009837141120924157,0.03366143744577992,0.015224971546116803,0.27187310355204797,0.18839350216460019,0.22256286024826719,0.02850030793360611
5500,19,0.009837141120924157,0.03366143744577992,0.015224971546116803,0.271873103552048,0.18839350216460019,0.22256286024826719,0.02850030793360611
6000,1,0.009952887525589175,0.03373066346602586,0.015370430838156705,0.26721245508555813,0.18725566231598692,0.2202004644119706,0.0287350948442121
6000,2,0.009952887525589175,0.03373066346602586,0.015370430838156705,0.26721245508555813,0.18725566231598692,0.2202004644119706,0.0287350948442121
6000,3,0.009952887525589175,0.03373066346602586,0.015370430838156705,0.26721245508555813,0.18725566231598692,0.2202004644119706,0.0287350948442121
6000,4,0.009952887525589175,0.03373066346602586,0.015370430838156705,0.2672124550855581,0.18725566231598692,0.22020046441197055,0.0287350948442121
6000,5,0.009952887525589175,0.03373066346602586,0.015370430838156705,0.26721245508555813,0.18725566231598692,0.2202004644119706,0.0287350948442121
6000,6,0.009952887525589175,0.03373066346602586,0.015370430838156705,0.26721245508555813,0.18725566231598692,0.2202004644119706,0.0287350948442121
6000,7,0.009952887525589175,0.03373066346602586,0.015370430838156705,0.2672124550855581,0.18725566231598692,0.22020046441197055,0.0287350948442121
6000,8,0.009952887525589175,0.03373066346602586,0.015370430838156705,0.2672124550855582,0.18725566231598692,0.2202004644119706,0.0287350948442121
6000,9,0.009952887525589175,0.03373066346602586,0.015370430838156705,0.2672124550855582,0.18725566231598692,0.2202004644119706,0.0287350948442121
6000,10,0.009952887525589175,0.03373066346602586,0.015370430838156705,0.26721245508555813,0.18725566231598692,0.2202004644119706,0.0287350948442121
6000,11,0.009952887525589175,0.03373066346602586,0.015370430838156705,0.26721245508555813,0.18725566231598692,0.2202004644119706,0.0287350948442121
6000,12,0.009952887525589175,0.03373066346602586,0.015370430838156705,0.2672124550855582,0.18725566231598692,0.2202004644119706,0.0287350948442121
6000,13,0.009952887525589175,0.03373066346602586,0.015370430838156705,0.26721245508555813,0.18725566231598692,0.2202004644119706,0.0287350948442121
6000,14,0.009952887525589175,0.03373066346602586,0.015370430838156705,0.26721245508555813,0.18725566231598692,0.2202004644119706,0.0287350948442121
6000,15,0.009952887525589175,0.03373066346602586,0.015370430838156705,0.26721245508555813,0.18725566231598692,0.2202004644119706,0.0287350948442121
6000,16,0.009952887525589175,0.03373066346602586,0.015370430838156705,0.2672124550855581,0.18725566231598692,0.22020046441197055,0.0287350948442121
6000,17,0.009952887525589175,0.03373066346602586,0.015370430838156705,0.26721245508555813,0.18725566231598692,0.2202004644119706,0.0287350948442121
6000,18,0.009952887525589175,0.03373066346602586,0.015370430838156705,0.26721245508555813,0.18725566231598692,0.2202004644119706,0.0287350948442121
6000,19,0.009952887525589175,0.03373066346602586,0.015370430838156705,0.26721245508555813,0.18725566231598692,0.2202004644119706,0.0287350948442121
6500,1,0.010041229615696676,0.034274466107558486,0.015532094375348263,0.24971495991524417,0.1857795053546146,0.21305401300085053,0.028953422191399975
6500,2,0.010041229615696676,0.034274466107558486,0.015532094375348263,0.24971495991524417,0.1857795053546146,0.21305401300085053,0.028953422191399975
6500,3,0.010041229615696676,0.034274466107558486,0.015532094375348263,0.24971495991524423,0.1857795053546146,0.21305401300085058,0.028953422191399975
6500,4,0.010041229615696676,0.034274466107558486,0.015532094375348263,0.24971495991524417,0.1857795053546146,0.21305401300085053,0.028953422191399975
6500,5,0.010041229615696676,0.034274466107558486,0.015532094375348263,0.24971495991524423,0.1857795053546146,0.21305401300085058,0.028953422191399975
6500,6,0.010041229615696676,0.034274466107558486,0.015532094375348263,0.24971495991524423,0.1857795053546146,0.21305401300085058,0.028953422191399975
6500,7,0.010041229615696676,0.034274466107558486,0.015532094375348263,0.24971495991524423,0.1857795053546146,0.21305401300085058,0.028953422191399975
6500,8,0.010041229615696676,0.034274466107558486,0.015532094375348263,0.24971495991524423,0.1857795053546146,0.21305401300085058,0.028953422191399975
6500,9,0.010041229615696676,0.034274466107558486,0.015532094375348263,0.24971495991524423,0.1857795053546146,0.21305401300085058,0.028953422191399975
6500,10,0.010041229615696676,0.034274466107558486,0.015532094375348263,0.24971495991524417,0.1857795053546146,0.21305401300085053,0.028953422191399975
6500,11,0.010041229615696676,0.034274466107558486,0.015532094375348263,0.24971495991524417,0.1857795053546146,0.21305401300085053,0.028953422191399975
6500,12,0.010041229615696676,0.034274466107558486,0.015532094375348263,0.24971495991524423,0.1857795053546146,0.21305401300085058,0.028953422191399975
6500,13,0.010041229615696676,0.034274466107558486,0.015532094375348263,0.24971495991524423,0.1857795053546146,0.21305401300085058,0.028953422191399975
6500,14,0.010041229615696676,0.034274466107558486,0.015532094375348263,0.24971495991524423,0.1857795053546146,0.21305401300085058,0.028953422191399975
6500,15,0.010041229615696676,0.034274466107558486,0.015532094375348263,0.24971495991524423,0.1857795053546146,0.21305401300085058,0.028953422191399975
6500,16,0.010041229615696676,0.034274466107558486,0.015532094375348263,0.24971495991524423,0.1857795053546146,0.21305401300085058,0.028953422191399975
6500,17,0.010041229615696676,0.034274466107558486,0.015532094375348263,0.24971495991524417,0.1857795053546146,0.21305401300085053,0.028953422191399975
6500,18,0.010041229615696676,0.034274466107558486,0.015532094375348263,0.24971495991524423,0.1857795053546146,0.21305401300085058,0.028953422191399975
6500,19,0.010041229615696676,0.034274466107558486,0.015532094375348263,0.24971495991524417,0.1857795053546146,0.21305401300085053,0.028953422191399975
7000,1,0.01153046828615078,0.036373128240007664,0.017510134188379146,0.23735710191719217,0.18847390539947761,0.21010973463173543,0.03232626103122774
7000,2,0.01153046828615078,0.036373128240007664,0.017510134188379146,0.23735710191719223,0.18847390539947761,0.21010973463173546,0.03232626103122774
7000,3,0.01153046828615078,0.036373128240007664,0.017510134188379146,0.23735710191719217,0.18847390539947761,0.21010973463173543,0.03232626103122774
7000,4,0.01153046828615078,0.036373128240007664,0.017510134188379146,0.23735710191719217,0.18847390539947761,0.21010973463173543,0.03232626103122774
7000,5,0.01153046828615078,0.036373128240007664,0.017510134188379146,0.23735710191719217,0.18847390539947761,0.21010973463173543,0.03232626103122774
7000,6,0.01153046828615078,0.036373128240007664,0.017510134188379146,0.23735710191719223,0.18847390539947761,0.21010973463173546,0.03232626103122774
7000,7,0.01153046828615078,0.036373128240007664,0.017510134188379146,0.23735710191719217,0.18847390539947761,0.21010973463173543,0.03232626103122774
7000,8,0.01153046828615078,0.036373128240007664,0.017510134188379146,0.23735710191719223,0.18847390539947761,0.21010973463173546,0.03232626103122774
7000,9,0.01153046828615078,0.036373128240007664,0.017510134188379146,0.23735710191719223,0.18847390539947761,0.21010973463173546,0.03232626103122774
7000,10,0.01153046828615078,0.036373128240007664,0.017510134188379146,0.23735710191719223,0.18847390539947761,0.21010973463173546,0.03232626103122774
7000,11,0.01153046828615078,0.036373128240007664,0.017510134188379146,0.23735710191719217,0.18847390539947761,0.21010973463173543,0.03232626103122774
7000,12,0.01153046828615078,0.036373128240007664,0.017510134188379146,0.23735710191719223,0.18847390539947761,0.21010973463173546,0.03232626103122774
7000,13,0.01153046828615078,0.036373128240007664,0.017510134188379146,0.23735710191719217,0.18847390539947761,0.21010973463173543,0.03232626103122774
7000,14,0.01153046828615078,0.036373128240007664,0.017510134188379146,0.23735710191719217,0.18847390539947761,0.21010973463173543,0.03232626103122774
7000,15,0.01153046828615078,0.036373128240007664,0.017510134188379146,0.23735710191719217,0.18847390539947761,0.21010973463173543,0.03232626103122774
7000,16,0.01153046828615078,0.036373128240007664,0.017510134188379146,0.23735710191719223,0.18847390539947761,0.21010973463173546,0.03232626103122774
7000,17,0.01153046828615078,0.036373128240007664,0.017510134188379146,0.23735710191719217,0.18847390539947761,0.21010973463173543,0.03232626103122774
7000,18,0.01153046828615078,0.036373128240007664,0.017510134188379146,0.23735710191719223,0.18847390539947761,0.21010973463173546,0.03232626103122774
7000,19,0.01153046828615078,0.036373128240007664,0.017510134188379146,0.23735710191719223,0.18847390539947761,0.21010973463173546,0.03232626103122774
7500,1,0.012081191295409957,0.03759584519166064,0.018286219540945673,0.24473614673299537,0.19082644282792202,0.21444508519223118,0.03369886068225979
7500,2,0.012081191295409957,0.03759584519166064,0.018286219540945673,0.24473614673299535,0.19082644282792202,0.21444508519223118,0.03369886068225979
7500,3,0.012081191295409957,0.03759584519166064,0.018286219540945673,0.24473614673299543,0.19082644282792202,0.21444508519223118,0.03369886068225979
7500,4,0.012081191295409957,0.03759584519166064,0.018286219540945673,0.24473614673299537,0.19082644282792202,0.21444508519223118,0.03369886068225979
7500,5,0.012081191295409957,0.03759584519166064,0.018286219540945673,0.24473614673299535,0.19082644282792202,0.21444508519223118,0.03369886068225979
7500,6,0.012081191295409957,0.03759584519166064,0.018286219540945673,0.24473614673299543,0.19082644282792202,0.21444508519223118,0.03369886068225979
7500,7,0.012081191295409957,0.03759584519166064,0.018286219540945673,0.24473614673299537,0.19082644282792202,0.21444508519223118,0.03369886068225979
7500,8,0.012081191295409957,0.03759584519166064,0.018286219540945673,0.24473614673299537,0.19082644282792202,0.21444508519223118,0.03369886068225979
7500,9,0.012081191295409957,0.03759584519166064,0.018286219540945673,0.24473614673299537,0.19082644282792202,0.21444508519223118,0.03369886068225979
7500,10,0.012081191295409957,0.03759584519166064,0.018286219540945673,0.24473614673299537,0.19082644282792202,0.21444508519223118,0.03369886068225979
7500,11,0.012081191295409957,0.03759584519166064,0.018286219540945673,0.24473614673299537,0.19082644282792202,0.21444508519223118,0.03369886068225979
7500,12,0.012081191295409957,0.03759584519166064,0.018286219540945673,0.24473614673299537,0.19082644282792202,0.21444508519223118,0.03369886068225979
7500,13,0.012081191295409957,0.03759584519166064,0.018286219540945673,0.24473614673299535,0.19082644282792202,0.21444508519223118,0.03369886068225979
7500,14,0.012081191295409957,0.03759584519166064,0.018286219540945673,0.24473614673299537,0.19082644282792202,0.21444508519223118,0.03369886068225979
7500,15,0.012081191295409957,0.03759584519166064,0.018286219540945673,0.24473614673299543,0.19082644282792202,0.21444508519223118,0.03369886068225979
7500,16,0.012081191295409957,0.03759584519166064,0.018286219540945673,0.24473614673299537,0.19082644282792202,0.21444508519223118,0.03369886068225979
7500,17,0.012081191295409957,0.03759584519166064,0.018286219540945673,0.24473614673299543,0.19082644282792202,0.21444508519223118,0.03369886068225979
7500,18,0.012081191295409957,0.03759584519166064,0.018286219540945673,0.24473614673299537,0.19082644282792202,0.21444508519223118,0.03369886068225979
7500,19,0.012081191295409957,0.03759584519166064,0.018286219540945673,0.24473614673299537,0.19082644282792202,0.21444508519223118,0.03369886068225979
8000,1,0.012055110953870796,0.03883586215663743,0.018398965422448406,0.2604994161380795,0.19726407770886997,0.2245140897380444,0.03401074488329594
8000,2,0.012055110953870796,0.03883586215663743,0.018398965422448406,0.2604994161380795,0.19726407770886997,0.2245140897380444,0.03401074488329594
8000,3,0.012055110953870796,0.03883586215663743,0.018398965422448406,0.26049941613807953,0.19726407770886997,0.2245140897380444,0.03401074488329594
8000,4,0.012055110953870796,0.03883586215663743,0.018398965422448406,0.2604994161380795,0.19726407770886997,0.2245140897380444,0.03401074488329594
8000,5,0.012055110953870796,0.03883586215663743,0.018398965422448406,0.2604994161380795,0.19726407770886997,0.2245140897380444,0.03401074488329594
8000,6,0.012055110953870796,0.03883586215663743,0.018398965422448406,0.26049941613807953,0.19726407770886997,0.2245140897380444,0.03401074488329594
8000,7,0.012055110953870796,0.03883586215663743,0.018398965422448406,0.26049941613807953,0.19726407770886997,0.2245140897380444,0.03401074488329594
8000,8,0.012055110953870796,0.03883586215663743,0.018398965422448406,0.26049941613807953,0.19726407770886997,0.2245140897380444,0.03401074488329594
8000,9,0.012055110953870796,0.03883586215663743,0.018398965422448406,0.26049941613807953,0.19726407770886997,0.2245140897380444,0.03401074488329594
8000,10,0.012055110953870796,0.03883586215663743,0.018398965422448406,0.26049941613807953,0.19726407770886997,0.2245140897380444,0.03401074488329594
8000,11,0.012055110953870796,0.03883586215663743,0.018398965422448406,0.26049941613807953,0.19726407770886997,0.2245140897380444,0.03401074488329594
8000,12,0.012055110953870796,0.03883586215663743,0.018398965422448406,0.2604994161380795,0.19726407770886997,0.2245140897380444,0.03401074488329594
8000,13,0.012055110953870796,0.03883586215663743,0.018398965422448406,0.2604994161380795,0.19726407770886997,0.2245140897380444,0.03401074488329594
8000,14,0.012055110953870796,0.03883586215663743,0.018398965422448406,0.2604994161380795,0.19726407770886997,0.2245140897380444,0.03401074488329594
8000,15,0.012055110953870796,0.03883586215663743,0.018398965422448406,0.2604994161380795,0.19726407770886997,0.2245140897380444,0.03401074488329594
8000,16,0.012055110953870796,0.03883586215663743,0.018398965422448406,0.26049941613807953,0.19726407770886997,0.2245140897380444,0.03401074488329594
8000,17,0.012055110953870796,0.03883586215663743,0.018398965422448406,0.26049941613807953,0.19726407770886997,0.2245140897380444,0.03401074488329594
8000,18,0.012055110953870796,0.03883586215663743,0.018398965422448406,0.2604994161380795,0.19726407770886997,0.2245140897380444,0.03401074488329594
8000,19,0.012055110953870796,0.03883586215663743,0.018398965422448406,0.26049941613807953,0.19726407770886997,0.2245140897380444,0.03401074488329594
8500,1,0.012931524815592847,0.039942020100950174,0.019537605240413525,0.2661888643820896,0.1944127317685651,0.22470831505311353,0.035949524548619896
8500,2,0.012931524815592847,0.039942020100950174,0.019537605240413525,0.2661888643820896,0.1944127317685651,0.22470831505311353,0.035949524548619896
8500,3,0.012931524815592847,0.039942020100950174,0.019537605240413525,0.26618886438208966,0.1944127317685651,0.22470831505311353,0.035949524548619896
8500,4,0.012931524815592847,0.039942020100950174,0.019537605240413525,0.26618886438208966,0.1944127317685651,0.22470831505311353,0.035949524548619896
8500,5,0.012931524815592847,0.039942020100950174,0.019537605240413525,0.2661888643820896,0.1944127317685651,0.22470831505311353,0.035949524548619896
8500,6,0.012931524815592847,0.039942020100950174,0.019537605240413525,0.2661888643820896,0.1944127317685651,0.22470831505311353,0.035949524548619896
8500,7,0.012931524815592847,0.039942020100950174,0.019537605240413525,0.2661888643820896,0.1944127317685651,0.22470831505311353,0.035949524548619896
8500,8,0.012931524815592847,0.039942020100950174,0.019537605240413525,0.2661888643820896,0.1944127317685651,0.22470831505311353,0.035949524548619896
8500,9,0.012931524815592847,0.039942020100950174,0.019537605240413525,0.2661888643820896,0.1944127317685651,0.22470831505311353,0.035949524548619896
8500,10,0.012931524815592847,0.039942020100950174,0.019537605240413525,0.2661888643820896,0.1944127317685651,0.22470831505311353,0.035949524548619896
8500,11,0.012931524815592847,0.039942020100950174,0.019537605240413525,0.2661888643820896,0.1944127317685651,0.22470831505311353,0.035949524548619896
8500,12,0.012931524815592847,0.039942020100950174,0.019537605240413525,0.2661888643820896,0.1944127317685651,0.22470831505311353,0.035949524548619896
8500,13,0.012931524815592847,0.039942020100950174,0.019537605240413525,0.2661888643820896,0.1944127317685651,0.22470831505311353,0.035949524548619896
8500,14,0.012931524815592847,0.039942020100950174,0.019537605240413525,0.2661888643820896,0.1944127317685651,0.22470831505311353,0.035949524548619896
8500,15,0.012931524815592847,0.039942020100950174,0.019537605240413525,0.2661888643820896,0.1944127317685651,0.22470831505311353,0.035949524548619896
8500,16,0.012931524815592847,0.039942020100950174,0.019537605240413525,0.2661888643820896,0.1944127317685651,0.22470831505311353,0.035949524548619896
8500,17,0.012931524815592847,0.039942020100950174,0.019537605240413525,0.2661888643820896,0.1944127317685651,0.22470831505311353,0.035949524548619896
8500,18,0.012931524815592847,0.039942020100950174,0.019537605240413525,0.2661888643820896,0.1944127317685651,0.22470831505311353,0.035949524548619896
8500,19,0.012931524815592847,0.039942020100950174,0.019537605240413525,0.2661888643820896,0.1944127317685651,0.22470831505311353,0.035949524548619896
9000,1,0.012519531146544381,0.038840655202665456,0.018935554059548006,0.2631821360214119,0.1919957037334746,0.2220224053206121,0.03489502707604259
9000,2,0.012519531146544381,0.038840655202665456,0.018935554059548006,0.2631821360214118,0.1919957037334746,0.22202240532061204,0.03489502707604259
9000,3,0.012519531146544381,0.038840655202665456,0.018935554059548006,0.2631821360214119,0.1919957037334746,0.2220224053206121,0.03489502707604259
9000,4,0.012519531146544381,0.038840655202665456,0.018935554059548006,0.2631821360214118,0.1919957037334746,0.22202240532061204,0.03489502707604259
9000,5,0.012519531146544381,0.038840655202665456,0.018935554059548006,0.2631821360214119,0.1919957037334746,0.2220224053206121,0.03489502707604259
9000,6,0.012519531146544381,0.038840655202665456,0.018935554059548006,0.2631821360214119,0.1919957037334746,0.2220224053206121,0.03489502707604259
9000,7,0.012519531146544381,0.038840655202665456,0.018935554059548006,0.2631821360214119,0.1919957037334746,0.2220224053206121,0.03489502707604259
9000,8,0.012519531146544381,0.038840655202665456,0.018935554059548006,0.2631821360214119,0.1919957037334746,0.2220224053206121,0.03489502707604259
9000,9,0.012519531146544381,0.038840655202665456,0.018935554059548006,0.2631821360214118,0.1919957037334746,0.22202240532061204,0.03489502707604259
9000,10,0.012519531146544381,0.038840655202665456,0.018935554059548006,0.2631821360214119,0.1919957037334746,0.2220224053206121,0.03489502707604259
9000,11,0.012519531146544381,0.038840655202665456,0.018935554059548006,0.2631821360214118,0.1919957037334746,0.22202240532061204,0.03489502707604259
9000,12,0.012519531146544381,0.038840655202665456,0.018935554059548006,0.2631821360214119,0.1919957037334746,0.2220224053206121,0.03489502707604259
9000,13,0.012519531146544381,0.038840655202665456,0.018935554059548006,0.2631821360214119,0.1919957037334746,0.2220224053206121,0.03489502707604259
9000,14,0.012519531146544381,0.038840655202665456,0.018935554059548006,0.2631821360214119,0.1919957037334746,0.2220224053206121,0.03489502707604259
9000,15,0.012519531146544381,0.038840655202665456,0.018935554059548006,0.2631821360214118,0.1919957037334746,0.22202240532061204,0.03489502707604259
9000,16,0.012519531146544381,0.038840655202665456,0.018935554059548006,0.2631821360214118,0.1919957037334746,0.22202240532061204,0.03489502707604259
9000,17,0.012519531146544381,0.038840655202665456,0.018935554059548006,0.2631821360214118,0.1919957037334746,0.22202240532061204,0.03489502707604259
9000,18,0.012519531146544381,0.038840655202665456,0.018935554059548006,0.2631821360214119,0.1919957037334746,0.2220224053206121,0.03489502707604259
9000,19,0.012519531146544381,0.038840655202665456,0.018935554059548006,0.2631821360214118,0.1919957037334746,0.22202240532061204,0.03489502707604259
9500,1,0.012739627415939921,0.039969092634358584,0.019320952883280392,0.2594114861959881,0.19633440117897832,0.22350788108959566,0.03556731850103334
9500,2,0.012739627415939921,0.039969092634358584,0.019320952883280392,0.2594114861959881,0.19633440117897832,0.22350788108959566,0.03556731850103334
9500,3,0.012739627415939921,0.039969092634358584,0.019320952883280392,0.2594114861959881,0.19633440117897832,0.22350788108959566,0.03556731850103334
9500,4,0.012739627415939921,0.039969092634358584,0.019320952883280392,0.2594114861959881,0.19633440117897832,0.22350788108959566,0.03556731850103334
9500,5,0.012739627415939921,0.039969092634358584,0.019320952883280392,0.2594114861959881,0.19633440117897832,0.22350788108959566,0.03556731850103334
9500,6,0.012739627415939921,0.039969092634358584,0.019320952883280392,0.25941148619598803,0.19633440117897832,0.22350788108959563,0.03556731850103334
9500,7,0.012739627415939921,0.039969092634358584,0.019320952883280392,0.2594114861959881,0.19633440117897832,0.22350788108959566,0.03556731850103334
9500,8,0.012739627415939921,0.039969092634358584,0.019320952883280392,0.25941148619598803,0.19633440117897832,0.22350788108959563,0.03556731850103334
9500,9,0.012739627415939921,0.039969092634358584,0.019320952883280392,0.2594114861959881,0.19633440117897832,0.22350788108959566,0.03556731850103334
9500,10,0.012739627415939921,0.039969092634358584,0.019320952883280392,0.2594114861959881,0.19633440117897832,0.22350788108959566,0.03556731850103334
9500,11,0.012739627415939921,0.039969092634358584,0.019320952883280392,0.2594114861959881,0.19633440117897832,0.22350788108959566,0.03556731850103334
9500,12,0.012739627415939921,0.039969092634358584,0.019320952883280392,0.2594114861959881,0.19633440117897832,0.22350788108959566,0.03556731850103334
9500,13,0.012739627415939921,0.039969092634358584,0.019320952883280392,0.2594114861959881,0.19633440117897832,0.22350788108959566,0.03556731850103334
9500,14,0.012739627415939921,0.039969092634358584,0.019320952883280392,0.2594114861959881,0.19633440117897832,0.22350788108959566,0.03556731850103334
9500,15,0.012739627415939921,0.039969092634358584,0.019320952883280392,0.2594114861959881,0.19633440117897832,0.22350788108959566,0.03556731850103334
9500,16,0.012739627415939921,0.039969092634358584,0.019320952883280392,0.2594114861959881,0.19633440117897832,0.22350788108959566,0.03556731850103334
9500,17,0.012739627415939921,0.039969092634358584,0.019320952883280392,0.2594114861959881,0.19633440117897832,0.22350788108959566,0.03556731850103334
9500,18,0.012739627415939921,0.039969092634358584,0.019320952883280392,0.2594114861959881,0.19633440117897832,0.22350788108959566,0.03556731850103334
9500,19,0.012739627415939921,0.039969092634358584,0.019320952883280392,0.2594114861959881,0.19633440117897832,0.22350788108959566,0.03556731850103334
